-- MySQL dump 10.13  Distrib 8.0.27, for Win64 (x86_64)
--
-- Host: localhost    Database: education_registration
-- ------------------------------------------------------
-- Server version	8.0.27
USE education_registration;
/*!40101 SET @OLD_CHARACTER_SET_CLIENT=@@CHARACTER_SET_CLIENT */;
/*!40101 SET @OLD_CHARACTER_SET_RESULTS=@@CHARACTER_SET_RESULTS */;
/*!40101 SET @OLD_COLLATION_CONNECTION=@@COLLATION_CONNECTION */;
/*!50503 SET NAMES utf8 */;
/*!40103 SET @OLD_TIME_ZONE=@@TIME_ZONE */;
/*!40103 SET TIME_ZONE='+00:00' */;
/*!40014 SET @OLD_UNIQUE_CHECKS=@@UNIQUE_CHECKS, UNIQUE_CHECKS=0 */;
/*!40014 SET @OLD_FOREIGN_KEY_CHECKS=@@FOREIGN_KEY_CHECKS, FOREIGN_KEY_CHECKS=0 */;
/*!40101 SET @OLD_SQL_MODE=@@SQL_MODE, SQL_MODE='NO_AUTO_VALUE_ON_ZERO' */;
/*!40111 SET @OLD_SQL_NOTES=@@SQL_NOTES, SQL_NOTES=0 */;

--
-- Dumping data for table `course`
--

LOCK TABLES `course` WRITE;
/*!40000 ALTER TABLE `course` DISABLE KEYS */;
INSERT INTO `course` VALUES ('ACE001','Fashion as Design, MoMA',170000.00,'2021-09-13',83),('AE0001','Software Design and Architecture',19000.00,'2021-03-22',194),('AE0002','Development of Secure Embedded Systems',40000.00,'2021-10-12',186),('AE0003','Java Programming and Software Engineering Fundamentals',64000.00,'2021-08-03',89),('BMA001','Business and Financial Modeling',1000.00,'2021-06-02',52),('BMA002','Advanced Business Analytics',45000.00,'2021-09-19',43),('BMA003','Business Technology Management',2000.00,'2021-05-11',65),('BMA004','Introduction to Project Management Principles and Practices',3000.00,'2021-01-23',69),('BMA005','Hotel Management: Distribution, Revenue and Demand Management',5000.00,'2021-09-04',109),('BMA006','Excel Skills for Business',9000.00,'2021-11-16',77),('BMA007','Accounting Analysis II: Accounting for Liabilities and Equity',9000.00,'2021-04-21',117),('BMA008','Competitive Strategy and Organization Design',12000.00,'2021-12-02',46),('BMA009','Excel to MySQL: Analytic Techniques for Business',13000.00,'2021-08-28',66),('BMA010','Value Chain Management',15000.00,'2021-01-08',56),('BMA011','Inferential and Predictive Statistics for Business',18000.00,'2021-01-16',48),('BMA012','U.S. Federal Taxation',30000.00,'2021-07-08',194),('BMA013','Digital Transformation in Financial Services',30000.00,'2021-04-30',130),('BMA014','Marketing Analytics',32000.00,'2021-02-05',104),('BMA015','Strategic Business Analytics',35000.00,'2021-05-30',65),('BMA016','Exploring and Producing Data for Business Decision Making',43000.00,'2021-08-01',19),('BMA017','Strategic Innovation: Building and Sustaining Innovative Organizations',51000.00,'2021-11-16',31),('BMA018','Sustainable Business Enterprises',54000.00,'2021-11-07',94),('BMA019','Supply Chain Management',58000.00,'2021-09-24',142),('BMA020','Global Challenges in Business',59000.00,'2021-08-05',37),('BMA021','Business Foundations',62000.00,'2021-12-17',168),('BMA022','International Business Essentials',70000.00,'2021-01-02',6),('BMA023','Foundations of Management',80000.00,'2021-08-31',16),('BMA024','Business Statistics and Analysis',81000.00,'2021-04-27',138),('BMA025','Managerial Accounting: Cost Behaviors, Systems, and Analysis',81000.00,'2021-06-27',116),('BMA026','Six Sigma Yellow Belt',83000.00,'2021-08-07',120),('BMA027','Six Sigma Green Belt',94000.00,'2021-10-24',23),('BMA028','Valuation and Financial Analysis For Startups',100000.00,'2021-07-01',152),('BMA029','Designing the Organization: From Strategy to Organizational Structure',129000.00,'2021-04-06',23),('BMA030','Managing the Organization: From Organizational Design to Execution',137000.00,'2021-02-06',114),('BMA031','Fundraising and Development',140000.00,'2021-03-31',116),('BMA032','Doing Business in China',141000.00,'2021-11-25',128),('BMA033','Viral Marketing and How to Craft Contagious Content',148000.00,'2021-01-12',130),('BMA034','Strategic Management and Innovation',149000.00,'2021-11-14',130),('BMA035','Brand Management: Aligning Business, Brand and Behaviour',163000.00,'2021-10-24',197),('BMA036','Business Strategy',190000.00,'2021-09-18',22),('BMA037','Investment Management',192000.00,'2021-02-15',112),('BMA038','Design strategy: Design thinking for business strategy and entrepreneurship',199000.00,'2021-12-17',31),('CAS001','First Step Korean, Yonsei University',70000.00,'2021-12-02',34),('CAS002','Corporate Entrepreneurship: Innovating within Corporations',198000.00,'2021-04-02',15),('COM001','Effective Communication: Writing, Design, and Presentation',54000.00,'2021-12-07',120),('CS0001','Python for Everybody',1000.00,'2021-06-24',20),('CS0002','Android App Development',2000.00,'2021-09-15',197),('CS0003','Software Development Lifecycle',3000.00,'2021-11-14',96),('CS0004','Algorithms, Part II',5000.00,'2021-05-12',94),('CS0005','Cryptography I',10000.00,'2021-07-24',189),('CS0006','Full-Stack Web Development with React',13000.00,'2021-05-30',12),('CS0007','Unity XR: How to Build AR and VR Apps',13000.00,'2021-10-21',88),('CS0008','Introduction to Applied Cryptography',14000.00,'2021-09-02',46),('CS0009','Blockchain: Foundations and Use Cases',15000.00,'2021-04-29',106),('CS0010','Full Stack Web and Multiplatform Mobile App Development',19000.00,'2021-12-27',132),('CS0011','Introduction to Cyber Security',30000.00,'2021-01-22',185),('CS0012','Parallel, Concurrent, and Distributed Programming in Java',33000.00,'2021-11-28',14),('CS0013','Unity Certified Programmer Exam Preparation',38000.00,'2021-11-21',45),('CS0014','Fundamentals of Computing',40000.00,'2021-01-06',91),('CS0015','Functional Programming in Scala',43000.00,'2021-07-08',81),('CS0016','Python 3 Programming',47000.00,'2021-09-13',17),('CS0017','Programming with Google Go',50000.00,'2021-10-21',112),('CS0018','Introduction to Programming in C',54000.00,'2021-01-19',118),('CS0019','Cybersecurity and Its Ten Domains',57000.00,'2021-08-31',151),('CS0020','Blockchain',60000.00,'2021-10-31',191),('CS0021','Computer Communications',69000.00,'2021-02-05',140),('CS0022','Introduction to Computer Science and Programming',77000.00,'2021-05-25',158),('CS0023','Introduction to Discrete Mathematics for Computer Science',80000.00,'2021-11-13',77),('CS0024','Introduction to Scripting in Python',80000.00,'2021-04-08',150),('CS0025','G Suite Administrator Fundamentals',82000.00,'2021-02-09',170),('CS0026','Cybersecurity: Developing a Program for Your Business',83000.00,'2021-03-12',198),('CS0027','Responsive Website Development and Design',85000.00,'2021-03-17',69),('CS0028','Object Oriented Programming in Java',89000.00,'2021-03-15',21),('CS0029','Cybersecurity',95000.00,'2021-08-15',82),('CS0030','Approximation Algorithms, Part II',96000.00,'2021-02-08',60),('CS0031','Fundamentals of Computer Network Security',100000.00,'2021-08-02',18),('CS0032','Game Design and Development',106000.00,'2021-12-16',153),('CS0033','Web Design for Everybody (Basics of Web Development and Coding)',123000.00,'2021-03-04',127),('CS0034','Analysis of Algorithms',131000.00,'2021-11-23',84),('CS0035','Blockchain Revolution for the Enterprise',131000.00,'2021-02-26',92),('CS0036','iOS Development for Creative Entrepreneurs',141000.00,'2021-10-24',142),('CS0037','Approximation Algorithms, Part I',158000.00,'2021-11-11',150),('CS0038','Introduction to Web Development',158000.00,'2021-07-27',59),('CS0039','Algorithms',162000.00,'2021-10-06',147),('CS0040','iOS App Development with Swift',177000.00,'2021-10-28',143),('CS0041','Build Your First Android App',184000.00,'2021-10-26',67),('CT0001','Cloud Computing',30000.00,'2021-03-02',41),('CT0002','Developing APIs with Google Cloud’s Apigee API Platform',33000.00,'2021-09-20',72),('CT0003','Developing Applications with Google Cloud Platform',98000.00,'2021-03-02',146),('CT0004','Getting Started with AWS Machine Learning',138000.00,'2021-12-08',150),('EDU001','Managerial Economics and Business Analysis',88000.00,'2021-04-04',168),('EDU002','Financial Markets',91000.00,'2021-03-18',19),('EDU003','How to Write and Publish a Scientific Paper (Project-Centered Course), École Polytechnique',139000.00,'2021-10-15',73),('EDU004','Econometrics: Methods and Applications',195000.00,'2021-03-06',99),('GOV001','Marketing in a Digital World',68000.00,'2021-04-16',142),('GOV002','Human Resource Management: HR for People Managers',148000.00,'2021-10-17',195),('HM001','Foundations of Positive Psychology',78000.00,'2021-08-27',77),('HM002','Introductory Human Physiology',171000.00,'2021-06-07',37),('IRM001','Self-Driving Cars',51000.00,'2021-05-17',173),('MLD001','Bayesian Statistics: Techniques and Models',1000.00,'2021-11-02',194),('MLD002','SQL for Data Science',2000.00,'2021-05-06',123),('MLD003','Applied Data Science',12000.00,'2021-02-18',160),('MLD004','Probability and Statistics: To p or not to p?, University of London',25000.00,'2021-10-22',81),('MLD005','Deep Learning',45000.00,'2021-12-24',162),('MLD006','Data Warehousing for Business Intelligence',76000.00,'2021-03-18',139),('MLD007','Data Analysis and Presentation Skills: the PwC Approach',82000.00,'2021-07-02',97),('MLD008','Statistics with Python',84000.00,'2021-11-29',33),('MLD009','Data Science Math Skills, Duke University',93000.00,'2021-06-24',179),('MLD010','Introduction to TensorFlow for Artificial Intelligence, Machine Learning, and Deep Learning',98000.00,'2021-09-02',60),('MLD011','AI for Everyone',120000.00,'2021-01-10',91),('MLD012','Machine Learning',128000.00,'2021-06-05',122),('MLD013','Data Mining',128000.00,'2021-10-08',134),('MLD014','Genomic Data Science',130000.00,'2021-12-29',97),('MLD015','Data-driven Decision Making',152000.00,'2021-01-08',67),('MLD016','Discrete Optimization',176000.00,'2021-10-17',31),('MLD017','IBM Data Science Professional Certificate',181000.00,'2021-07-09',120),('MLD018','Practical Time Series Analysis',187000.00,'2021-08-15',121),('MLD019','Statistics with R',191000.00,'2021-03-24',159),('MLD020','A Crash Course in Causality: Inferring Causal Effects from Observational Data',195000.00,'2021-10-15',123),('MLD021','Data Analytics for Lean Six Sigma',198000.00,'2021-08-27',71),('PD0001','Career Success',30000.00,'2021-02-25',158),('PD0002','Applications of Everyday Leadership',30000.00,'2021-07-23',176),('PD0003','Design Thinking for Innovation',43000.00,'2021-08-17',27),('PD0004','Computational Thinking for Problem Solving',44000.00,'2021-12-23',52),('PD0005','Content Strategy for Professionals',73000.00,'2021-07-22',61),('PD0006','Inspired Leadership',74000.00,'2021-08-04',118),('PD0007','Strategic Innovation: Managing Innovation Initiatives',109000.00,'2021-12-12',143),('PD0008','Leading People and Teams',111000.00,'2021-06-30',130),('PD0009','Think Again I: How to Understand Arguments',145000.00,'2021-03-30',191),('PD0010','Organizational Leadership',146000.00,'2021-11-30',78),('PD0011','Foundations of Everyday Leadership',154000.00,'2021-11-15',102),('PD0012','Value Creation Through Innovation',159000.00,'2021-05-04',75),('PD0013','Project Launch',167000.00,'2021-03-03',46),('SAL001','Strategic Sales Management',7000.00,'2021-07-25',196),('SAL002','Marketing Strategy',8000.00,'2021-09-12',134),('SAL003','Foundations of Marketing Analytics',9000.00,'2021-12-07',108),('SAL004','Marketing Mix Implementation',70000.00,'2021-01-28',130),('SAL005','Forensic Accounting and Fraud Examination',84000.00,'2021-03-19',153),('SAL006','Social Media Marketing',127000.00,'2021-03-10',100),('SAL007','Accounting Analysis II: Measurement and Disclosure of Liabilities',137000.00,'2021-12-28',27),('SAL008','Search Engine Optimization (SEO)',152000.00,'2021-05-29',76),('SAL009','Financial Engineering and Risk Management Part I',158000.00,'2021-06-09',118),('SAL010','Finance for Non-Finance Professionals',192000.00,'2021-02-09',130),('ST0001','The Science of Success: What Researchers Know that You Should Know',88000.00,'2021-02-02',104),('ST0002','The Science of Well-Being',134000.00,'2021-04-13',117),('ST0003','Geographic Information Systems (GIS)',162000.00,'2021-09-20',54);
/*!40000 ALTER TABLE `course` ENABLE KEYS */;
UNLOCK TABLES;

--
-- Dumping data for table `course_in_field`
--

LOCK TABLES `course_in_field` WRITE;
/*!40000 ALTER TABLE `course_in_field` DISABLE KEYS */;
INSERT INTO `course_in_field` VALUES ('AE00','ACE001'),('AE00','AE0001'),('AE00','AE0002'),('AE00','AE0003'),('BMA0','BMA001'),('BMA0','BMA002'),('BMA0','BMA003'),('BMA0','BMA004'),('BMA0','BMA005'),('BMA0','BMA006'),('BMA0','BMA007'),('BMA0','BMA008'),('BMA0','BMA009'),('BMA0','BMA010'),('BMA0','BMA011'),('BMA0','BMA012'),('BMA0','BMA013'),('BMA0','BMA014'),('BMA0','BMA015'),('BMA0','BMA016'),('BMA0','BMA017'),('BMA0','BMA018'),('BMA0','BMA019'),('BMA0','BMA020'),('BMA0','BMA021'),('BMA0','BMA022'),('BMA0','BMA023'),('BMA0','BMA024'),('BMA0','BMA025'),('BMA0','BMA026'),('BMA0','BMA027'),('BMA0','BMA028'),('BMA0','BMA029'),('BMA0','BMA030'),('BMA0','BMA031'),('BMA0','BMA032'),('BMA0','BMA033'),('BMA0','BMA034'),('BMA0','BMA035'),('BMA0','BMA036'),('BMA0','BMA037'),('BMA0','BMA038'),('CAS0','CAS001'),('CAS0','CAS002'),('COM0','COM001'),('CS00','CS0001'),('CS00','CS0002'),('CS00','CS0003'),('CS00','CS0004'),('CS00','CS0005'),('CS00','CS0006'),('CS00','CS0007'),('CS00','CS0008'),('CS00','CS0009'),('CS00','CS0010'),('CS00','CS0011'),('CS00','CS0012'),('CS00','CS0013'),('CS00','CS0014'),('CS00','CS0015'),('CS00','CS0016'),('CS00','CS0017'),('CS00','CS0018'),('CS00','CS0019'),('CS00','CS0020'),('CS00','CS0021'),('CS00','CS0022'),('CS00','CS0023'),('CS00','CS0024'),('CS00','CS0025'),('CS00','CS0026'),('CS00','CS0027'),('CS00','CS0028'),('CS00','CS0029'),('CS00','CS0030'),('CS00','CS0031'),('CS00','CS0032'),('CS00','CS0033'),('CS00','CS0034'),('CS00','CS0035'),('CS00','CS0036'),('CS00','CS0037'),('CS00','CS0038'),('CS00','CS0039'),('CS00','CS0040'),('CS00','CS0041'),('CT00','CT0001'),('CT00','CT0002'),('CT00','CT0003'),('CT00','CT0004'),('EDU0','EDU001'),('EDU0','EDU002'),('EDU0','EDU003'),('EDU0','EDU004'),('GOV0','GOV001'),('GOV0','GOV002'),('HM00','HM001'),('HM00','HM002'),('IRM0','IRM001'),('MLD0','MLD001'),('MLD0','MLD002'),('MLD0','MLD003'),('MLD0','MLD004'),('MLD0','MLD005'),('MLD0','MLD006'),('MLD0','MLD007'),('MLD0','MLD008'),('MLD0','MLD009'),('MLD0','MLD010'),('MLD0','MLD011'),('MLD0','MLD012'),('MLD0','MLD013'),('MLD0','MLD014'),('MLD0','MLD015'),('MLD0','MLD016'),('MLD0','MLD017'),('MLD0','MLD018'),('MLD0','MLD019'),('MLD0','MLD020'),('MLD0','MLD021'),('PD00','PD0001'),('PD00','PD0002'),('PD00','PD0003'),('PD00','PD0004'),('PD00','PD0005'),('PD00','PD0006'),('PD00','PD0007'),('PD00','PD0008'),('PD00','PD0009'),('PD00','PD0010'),('PD00','PD0011'),('PD00','PD0012'),('PD00','PD0013'),('SAL0','SAL001'),('SAL0','SAL002'),('SAL0','SAL003'),('SAL0','SAL004'),('SAL0','SAL005'),('SAL0','SAL006'),('SAL0','SAL007'),('SAL0','SAL008'),('SAL0','SAL009'),('SAL0','SAL010'),('ST0','ST0001'),('ST0','ST0002'),('ST0','ST0003');
/*!40000 ALTER TABLE `course_in_field` ENABLE KEYS */;
UNLOCK TABLES;

--
-- Dumping data for table `degree`
--

LOCK TABLES `degree` WRITE;
/*!40000 ALTER TABLE `degree` DISABLE KEYS */;
INSERT INTO `degree` VALUES ('GV00001','Language','Associate'),('GV00001','Law','Graduate'),('GV00001','Personal development','Master'),('GV00002','Communications','Bachelor'),('GV00002','Communications','Transfer'),('GV00002','Technology','Professional'),('GV00003','Business','Bachelor'),('GV00003','Health','Specialist'),('GV00003','Language','Associate'),('GV00003','Law','Graduate'),('GV00003','Personal development','Graduate'),('GV00004','Business','Associate'),('GV00004','Business','Bachelor'),('GV00004','Math','Doctoral'),('GV00004','Personal development','Doctoral'),('GV00005','Law','Professional'),('GV00005','Polictic','Undergraduate'),('GV00005','Technology','Bachelor'),('GV00006','Communications','Specialist'),('GV00006','Personal development','Professional'),('GV00006','Polictic','Associate'),('GV00007','Arts','Associate'),('GV00007','Law','Bachelor'),('GV00007','Math','Specialist'),('GV00008','Communications','Associate'),('GV00008','Law','Undergraduate'),('GV00008','Personal development','Transfer'),('GV00009','Math','Doctoral'),('GV00009','Sales','Specialist'),('GV00010','Architecture','Undergraduate'),('GV00010','Astronomy','Professional'),('GV00010','Science','Transfer'),('GV00011','Community','Doctoral'),('GV00011','Education','Graduate'),('GV00012','Science','Specialist'),('GV00013','Astronomy','Undergraduate'),('GV00013','Sales','Doctoral'),('GV00014','Agriculture','Professional'),('GV00014','Arts','Professional'),('GV00014','Language','Associate'),('GV00015','Agriculture','Bachelor'),('GV00015','Agriculture','Graduate'),('GV00015','Astronomy','Bachelor'),('GV00015','Law','Transfer'),('GV00015','Law','Undergraduate'),('GV00015','Personal development','Associate'),('GV00016','Science','Transfer'),('GV00017','Business','Professional'),('GV00017','Language','Transfer'),('GV00017','Law','Master'),('GV00018','Community','Professional'),('GV00018','Polictic','Transfer'),('GV00019','Business','Graduate'),('GV00019','Community','Master'),('GV00020','Agriculture','Associate'),('GV00020','Architecture','Undergraduate'),('GV00021','Astronomy','Doctoral'),('GV00021','Community','Doctoral'),('GV00022','Agriculture','Undergraduate'),('GV00022','Law','Professional'),('GV00022','Sales','Professional'),('GV00023','Business','Undergraduate'),('GV00023','Polictic','Transfer'),('GV00024','Education','Master'),('GV00024','Health','Transfer'),('GV00025','Community','Doctoral'),('GV00025','Health','Associate'),('GV00025','Technology','Associate'),('GV00026','Architecture','Professional'),('GV00026','Health','Professional'),('GV00027','Communications','Master'),('GV00027','Community','Undergraduate'),('GV00027','Science','Professional'),('GV00027','Technology','Bachelor'),('GV00028','Community','Professional'),('GV00028','Health','Master'),('GV00028','Language','Doctoral'),('GV00028','Polictic','Master'),('GV00029','Arts','Professional'),('GV00029','Astronomy','Specialist'),('GV00030','Polictic','Transfer'),('GV00031','Arts','Professional'),('GV00031','Business','Bachelor'),('GV00031','Health','Professional'),('GV00032','Education','Transfer'),('GV00032','Education','Undergraduate'),('GV00032','Health','Specialist'),('GV00032','Sales','Professional'),('GV00033','Arts','Doctoral'),('GV00033','Health','Master'),('GV00033','Law','Transfer'),('GV00033','Sales','Professional'),('GV00034','Business','Professional'),('GV00034','Communications','Bachelor'),('GV00034','Math','Bachelor'),('GV00034','Polictic','Associate'),('GV00034','Sales','Graduate'),('GV00034','Technology','Professional'),('GV00035','Education','Graduate'),('GV00035','Law','Undergraduate'),('GV00035','Math','Professional'),('GV00035','Polictic','Professional'),('GV00036','Business','Master'),('GV00036','Community','Master'),('GV00036','Sales','Bachelor'),('GV00037','Community','Specialist'),('GV00037','Science','Master'),('GV00038','Astronomy','Graduate'),('GV00038','Health','Bachelor'),('GV00038','Personal development','Graduate'),('GV00038','Personal development','Professional'),('GV00038','Technology','Graduate'),('GV00039','Law','Bachelor'),('GV00039','Science','Bachelor'),('GV00039','Technology','Transfer'),('GV00040','Health','Graduate'),('GV00040','Polictic','Graduate'),('GV00040','Polictic','Professional'),('GV00041','Communications','Undergraduate'),('GV00041','Community','Master'),('GV00041','Language','Specialist'),('GV00042','Math','Professional'),('GV00043','Polictic','Doctoral'),('GV00044','Community','Graduate'),('GV00044','Language','Undergraduate'),('GV00045','Language','Master'),('GV00046','Education','Graduate'),('GV00046','Education','Specialist'),('GV00047','Architecture','Transfer'),('GV00047','Math','Bachelor'),('GV00048','Community','Bachelor'),('GV00048','Personal development','Specialist'),('GV00048','Sales','Bachelor'),('GV00049','Arts','Graduate'),('GV00049','Science','Doctoral'),('GV00050','Astronomy','Undergraduate'),('GV00050','Community','Transfer'),('GV00050','Math','Associate'),('GV00050','Math','Undergraduate'),('GV00051','Agriculture','Transfer'),('GV00051','Law','Bachelor'),('GV00051','Technology','Associate'),('GV00052','Language','Undergraduate'),('GV00052','Sales','Doctoral'),('GV00053','Architecture','Associate'),('GV00053','Business','Bachelor'),('GV00053','Polictic','Professional'),('GV00054','Astronomy','Doctoral'),('GV00054','Law','Undergraduate'),('GV00054','Science','Professional'),('GV00055','Health','Graduate'),('GV00056','Law','Doctoral'),('GV00057','Language','Master'),('GV00057','Math','Bachelor'),('GV00058','Agriculture','Transfer'),('GV00058','Science','Specialist'),('GV00059','Polictic','Specialist'),('GV00059','Science','Undergraduate'),('GV00059','Technology','Graduate'),('GV00060','Agriculture','Transfer'),('GV00060','Health','Doctoral'),('GV00060','Sales','Transfer'),('GV00061','Technology','Transfer'),('GV00062','Agriculture','Associate'),('GV00062','Education','Specialist'),('GV00062','Health','Professional'),('GV00063','Architecture','Undergraduate'),('GV00063','Astronomy','Professional'),('GV00063','Math','Bachelor'),('GV00063','Polictic','Transfer'),('GV00064','Arts','Master'),('GV00064','Communications','Bachelor'),('GV00064','Communications','Doctoral'),('GV00065','Community','Associate'),('GV00065','Math','Specialist'),('GV00066','Community','Bachelor'),('GV00066','Community','Transfer'),('GV00066','Science','Undergraduate'),('GV00067','Agriculture','Master'),('GV00067','Agriculture','Undergraduate'),('GV00068','Education','Specialist'),('GV00068','Polictic','Specialist'),('GV00069','Education','Specialist'),('GV00070','Science','Undergraduate'),('GV00071','Sales','Graduate'),('GV00072','Astronomy','Professional'),('GV00073','Architecture','Graduate'),('GV00073','Communications','Professional'),('GV00074','Education','Graduate'),('GV00074','Polictic','Professional'),('GV00075','Law','Graduate'),('GV00075','Sales','Doctoral'),('GV00076','Polictic','Transfer'),('GV00076','Technology','Master'),('GV00077','Agriculture','Specialist'),('GV00077','Arts','Professional'),('GV00077','Business','Master'),('GV00077','Sales','Professional'),('GV00078','Math','Master'),('GV00078','Polictic','Transfer'),('GV00079','Business','Specialist'),('GV00079','Health','Graduate'),('GV00079','Science','Doctoral'),('GV00080','Health','Master'),('GV00080','Technology','Master'),('GV00081','Astronomy','Doctoral'),('GV00081','Math','Undergraduate'),('GV00082','Agriculture','Undergraduate'),('GV00082','Health','Specialist'),('GV00082','Sales','Associate'),('GV00083','Communications','Bachelor'),('GV00084','Arts','Transfer'),('GV00084','Astronomy','Associate'),('GV00084','Communications','Professional'),('GV00084','Health','Transfer'),('GV00084','Language','Associate'),('GV00085','Agriculture','Professional'),('GV00085','Arts','Bachelor'),('GV00085','Law','Graduate'),('GV00085','Technology','Specialist'),('GV00086','Community','Transfer'),('GV00087','Business','Specialist'),('GV00087','Education','Doctoral'),('GV00087','Math','Professional'),('GV00087','Technology','Professional'),('GV00087','Technology','Specialist'),('GV00088','Sales','Professional'),('GV00088','Technology','Undergraduate'),('GV00089','Community','Doctoral'),('GV00089','Polictic','Professional'),('GV00089','Sales','Specialist'),('GV00090','Education','Specialist'),('GV00090','Personal development','Transfer'),('GV00090','Polictic','Master'),('GV00091','Business','Specialist'),('GV00091','Health','Transfer'),('GV00091','Science','Undergraduate'),('GV00092','Language','Master'),('GV00093','Agriculture','Doctoral'),('GV00093','Communications','Doctoral'),('GV00093','Language','Doctoral'),('GV00094','Health','Master'),('GV00095','Math','Bachelor'),('GV00095','Sales','Doctoral'),('GV00095','Science','Professional'),('GV00096','Community','Graduate'),('GV00096','Math','Professional'),('GV00096','Technology','Bachelor'),('GV00097','Business','Undergraduate'),('GV00097','Communications','Transfer'),('GV00097','Language','Specialist'),('GV00097','Technology','Professional'),('GV00097','Technology','Specialist'),('GV00098','Business','Doctoral'),('GV00098','Communications','Transfer'),('GV00098','Health','Master'),('GV00098','Health','Professional'),('GV00098','Law','Professional'),('GV00099','Community','Transfer'),('GV00099','Language','Specialist'),('GV00099','Personal development','Transfer'),('GV00099','Sales','Professional'),('GV00100','Business','Professional'),('GV00100','Sales','Professional'),('GV00101','Agriculture','Master'),('GV00101','Communications','Transfer'),('GV00101','Law','Master'),('GV00101','Polictic','Professional'),('GV00102','Astronomy','Bachelor'),('GV00102','Education','Master'),('GV00102','Language','Undergraduate'),('GV00102','Personal development','Undergraduate'),('GV00103','Agriculture','Bachelor'),('GV00103','Architecture','Transfer'),('GV00103','Arts','Professional'),('GV00103','Arts','Undergraduate'),('GV00103','Education','Bachelor'),('GV00103','Education','Graduate'),('GV00103','Health','Specialist'),('GV00103','Science','Master'),('GV00104','Education','Master'),('GV00104','Polictic','Associate'),('GV00105','Community','Professional'),('GV00105','Health','Professional'),('GV00105','Technology','Undergraduate'),('GV00106','Architecture','Specialist'),('GV00106','Language','Transfer'),('GV00106','Technology','Transfer'),('GV00107','Health','Master'),('GV00107','Math','Professional'),('GV00108','Architecture','Professional'),('GV00108','Community','Bachelor'),('GV00108','Community','Professional'),('GV00108','Polictic','Master'),('GV00109','Community','Professional'),('GV00109','Language','Transfer'),('GV00109','Math','Doctoral'),('GV00110','Education','Specialist'),('GV00110','Personal development','Professional'),('GV00111','Law','Professional'),('GV00112','Communications','Specialist'),('GV00112','Math','Undergraduate'),('GV00112','Sales','Undergraduate'),('GV00113','Business','Specialist'),('GV00113','Education','Associate'),('GV00113','Technology','Graduate'),('GV00114','Polictic','Undergraduate'),('GV00115','Communications','Master'),('GV00115','Community','Doctoral'),('GV00115','Community','Master'),('GV00115','Sales','Master'),('GV00116','Sales','Professional'),('GV00116','Technology','Graduate'),('GV00117','Education','Professional'),('GV00117','Language','Master'),('GV00117','Language','Professional'),('GV00117','Science','Transfer'),('GV00118','Architecture','Bachelor'),('GV00118','Arts','Graduate'),('GV00118','Astronomy','Professional'),('GV00118','Law','Master'),('GV00119','Arts','Doctoral'),('GV00120','Agriculture','Transfer'),('GV00120','Law','Professional'),('GV00120','Polictic','Doctoral'),('GV00121','Health','Specialist'),('GV00121','Personal development','Bachelor'),('GV00121','Science','Doctoral'),('GV00122','Technology','Doctoral'),('GV00123','Business','Professional'),('GV00123','Math','Specialist'),('GV00124','Arts','Specialist'),('GV00124','Communications','Transfer'),('GV00125','Education','Professional'),('GV00125','Science','Professional'),('GV00125','Technology','Associate'),('GV00126','Agriculture','Master'),('GV00126','Health','Doctoral'),('GV00127','Communications','Specialist'),('GV00128','Communications','Master'),('GV00128','Sales','Undergraduate'),('GV00129','Community','Undergraduate'),('GV00129','Personal development','Transfer'),('GV00129','Sales','Associate'),('GV00130','Health','Specialist'),('GV00130','Polictic','Professional'),('GV00131','Business','Transfer'),('GV00131','Sales','Associate'),('GV00132','Agriculture','Transfer'),('GV00132','Business','Specialist'),('GV00132','Community','Specialist'),('GV00133','Community','Graduate'),('GV00133','Sales','Undergraduate'),('GV00133','Science','Graduate'),('GV00134','Law','Associate'),('GV00135','Architecture','Graduate'),('GV00135','Communications','Associate'),('GV00135','Community','Master'),('GV00135','Science','Graduate'),('GV00136','Sales','Undergraduate'),('GV00137','Astronomy','Transfer'),('GV00137','Community','Associate'),('GV00137','Community','Undergraduate'),('GV00138','Agriculture','Doctoral'),('GV00138','Agriculture','Transfer'),('GV00138','Polictic','Professional'),('GV00138','Science','Bachelor'),('GV00139','Business','Transfer'),('GV00139','Personal development','Doctoral'),('GV00139','Polictic','Master'),('GV00139','Sales','Transfer'),('GV00140','Architecture','Undergraduate'),('GV00140','Business','Master'),('GV00141','Math','Transfer'),('GV00141','Personal development','Doctoral'),('GV00142','Architecture','Master'),('GV00142','Astronomy','Bachelor'),('GV00143','Astronomy','Bachelor'),('GV00143','Astronomy','Undergraduate'),('GV00143','Math','Specialist'),('GV00144','Arts','Professional'),('GV00144','Astronomy','Professional'),('GV00144','Law','Specialist'),('GV00145','Arts','Bachelor'),('GV00146','Astronomy','Transfer'),('GV00147','Education','Specialist'),('GV00147','Health','Associate'),('GV00148','Agriculture','Master'),('GV00148','Architecture','Graduate'),('GV00148','Sales','Associate'),('GV00149','Architecture','Undergraduate'),('GV00149','Communications','Doctoral'),('GV00150','Arts','Graduate'),('GV00150','Math','Graduate'),('GV00150','Sales','Bachelor'),('GV00150','Science','Bachelor');
/*!40000 ALTER TABLE `degree` ENABLE KEYS */;
UNLOCK TABLES;

--
-- Dumping data for table `details_rates`
--

LOCK TABLES `details_rates` WRITE;
/*!40000 ALTER TABLE `details_rates` DISABLE KEYS */;
INSERT INTO `details_rates` VALUES ('SV00001','BMA009','2021-02-19 00:00:00',3,'definitely worth the time'),('SV00001','CS0037','2021-08-04 00:00:00',2,'i need a rest from this disaster'),('SV00001','CS0041','2021-11-30 00:00:00',3,'definitely worth the time'),('SV00001','MLD005','2021-07-29 00:00:00',3,'the course is Ok but the too few exercises'),('SV00002','CS0028','2021-03-25 00:00:00',5,'recommend for beginners'),('SV00003','HM001','2021-05-26 00:00:00',5,''),('SV00004','EDU003','2021-12-31 00:00:00',2,'hate it'),('SV00005','AE0003','2021-12-24 00:00:00',1,'this is a waste of money'),('SV00006','BMA036','2021-05-02 00:00:00',5,'recommend for beginners'),('SV00007','BMA005','2021-10-08 00:00:00',2,''),('SV00008','CS0011','2021-08-29 00:00:00',3,'definitely worth the time'),('SV00009','CS0024','2021-11-20 00:00:00',2,'bad'),('SV00010','CS0016','2021-03-24 00:00:00',3,'the course is Ok but the too few exercises'),('SV00010','CS0039','2021-06-14 00:00:00',3,'definitely worth the time'),('SV00010','MLD020','2021-11-11 00:00:00',4,'recommend for beginners'),('SV00010','SAL007','2021-07-09 00:00:00',5,'definitely worth the time'),('SV00011','BMA032','2021-04-29 00:00:00',5,'good'),('SV00011','COM001','2021-10-09 00:00:00',2,'go easy on me'),('SV00012','BMA013','2021-11-06 00:00:00',3,'recommend for beginners'),('SV00012','BMA015','2021-01-01 00:00:00',3,'good'),('SV00012','BMA020','2021-04-09 00:00:00',2,'totally hate it'),('SV00012','MLD019','2021-05-11 00:00:00',2,'go easy on me'),('SV00012','PD0004','2021-09-23 00:00:00',5,'i remember it all too well'),('SV00014','PD0011','2021-10-11 00:00:00',5,''),('SV00015','PD0005','2021-06-20 00:00:00',1,'go easy on me'),('SV00016','CS0017','2021-11-25 00:00:00',5,'the course is Ok but the too few exercises'),('SV00016','PD0002','2021-03-07 00:00:00',1,'hate it'),('SV00017','HM001','2021-09-03 00:00:00',5,'recommend for beginners'),('SV00019','BMA028','2021-11-24 00:00:00',5,'the course is Ok but the too few exercises'),('SV00019','SAL006','2021-04-16 00:00:00',5,'recommend for beginners'),('SV00020','CS0021','2021-01-15 00:00:00',4,''),('SV00020','CS0030','2021-05-11 00:00:00',5,'it\'s good but it lacks of some materials'),('SV00020','CS0031','2021-01-10 00:00:00',4,'definitely worth the time'),('SV00021','BMA026','2021-03-04 00:00:00',3,'recommend for beginners'),('SV00021','CS0029','2021-12-07 00:00:00',2,'this is a waste of money'),('SV00021','CS0039','2021-12-26 00:00:00',1,'i need a rest from this disaster'),('SV00022','PD0011','2021-06-02 00:00:00',1,'i need a rest from this disaster'),('SV00023','BMA003','2021-10-08 00:00:00',2,'i need a rest from this disaster'),('SV00023','SAL001','2021-07-26 00:00:00',5,'good'),('SV00024','ACE001','2021-04-20 00:00:00',4,'this course helps a lot'),('SV00024','CS0023','2021-12-30 00:00:00',5,'recommend for beginners'),('SV00026','BMA003','2021-10-11 00:00:00',1,'i don\'t like this one'),('SV00026','BMA023','2021-01-10 00:00:00',2,'go easy on me'),('SV00027','CS0013','2021-04-08 00:00:00',2,'bad'),('SV00027','EDU002','2021-02-12 00:00:00',5,''),('SV00027','MLD008','2021-02-17 00:00:00',5,'the course is Ok but the too few exercises'),('SV00027','PD0008','2021-08-08 00:00:00',3,'good'),('SV00028','BMA019','2021-08-07 00:00:00',3,'it\'s good but it lacks of some materials'),('SV00028','CS0017','2021-11-04 00:00:00',3,'i remember it all too well'),('SV00029','BMA018','2021-11-12 00:00:00',4,'good'),('SV00029','CT0001','2021-11-12 00:00:00',3,'the course is Ok but the too few exercises'),('SV00029','EDU003','2021-03-20 00:00:00',5,'recommend for beginners'),('SV00029','MLD001','2021-11-10 00:00:00',2,''),('SV00030','CS0012','2021-05-14 00:00:00',4,''),('SV00031','CS0020','2021-02-07 00:00:00',3,'i remember it all too well'),('SV00031','MLD008','2021-10-09 00:00:00',4,'i like this course'),('SV00032','AE0002','2021-10-29 00:00:00',3,'definitely worth the time'),('SV00032','BMA023','2021-02-07 00:00:00',3,'i like this course'),('SV00032','MLD001','2021-04-14 00:00:00',1,'this sucks'),('SV00032','MLD014','2021-04-10 00:00:00',4,'the course is Ok but the too few exercises'),('SV00032','MLD016','2021-11-03 00:00:00',5,'recommend for beginners'),('SV00032','MLD017','2021-02-25 00:00:00',4,''),('SV00033','BMA008','2021-06-21 00:00:00',5,'the course is Ok but the too few exercises'),('SV00033','BMA038','2021-06-26 00:00:00',1,'bad'),('SV00033','COM001','2021-05-10 00:00:00',3,''),('SV00033','SAL001','2021-01-14 00:00:00',1,'wish i didnt pay for this'),('SV00034','BMA004','2021-03-28 00:00:00',5,'this course helps a lot'),('SV00034','CS0017','2021-11-09 00:00:00',3,'it\'s good but it lacks of some materials'),('SV00034','CS0023','2021-09-22 00:00:00',3,''),('SV00034','CS0028','2021-04-25 00:00:00',2,'the course is time consuming'),('SV00035','CS0004','2021-08-12 00:00:00',2,'i need a refund'),('SV00035','CS0008','2021-11-16 00:00:00',5,'good'),('SV00036','ACE001','2021-09-20 00:00:00',3,'good'),('SV00036','CS0011','2021-03-04 00:00:00',1,'hate it'),('SV00036','MLD011','2021-04-16 00:00:00',2,'i need a rest from this disaster'),('SV00037','BMA024','2021-08-06 00:00:00',4,'this course helps a lot'),('SV00037','CS0037','2021-01-16 00:00:00',2,'the course is time consuming'),('SV00038','BMA036','2021-07-24 00:00:00',5,'i remember it all too well'),('SV00039','CAS001','2021-07-31 00:00:00',1,'this is a waste of money'),('SV00040','SAL009','2021-08-31 00:00:00',4,'definitely worth the time'),('SV00041','BMA006','2021-10-02 00:00:00',5,'definitely worth the time'),('SV00041','BMA025','2021-04-10 00:00:00',2,''),('SV00041','CS0023','2021-07-12 00:00:00',1,'i need a refund'),('SV00041','CS0034','2021-11-29 00:00:00',5,'recommend for beginners'),('SV00042','CS0035','2021-10-27 00:00:00',5,'i like this course'),('SV00042','MLD010','2021-07-08 00:00:00',3,'good'),('SV00043','CS0037','2021-03-25 00:00:00',3,'good'),('SV00044','BMA019','2021-10-30 00:00:00',3,'good'),('SV00044','CAS001','2021-09-23 00:00:00',1,'i wished i didnt pay for this'),('SV00044','MLD005','2021-09-28 00:00:00',1,'bad'),('SV00045','BMA017','2021-12-30 00:00:00',2,'hate it'),('SV00045','BMA021','2021-02-15 00:00:00',1,''),('SV00046','CS0008','2021-08-18 00:00:00',2,'i need a rest from this disaster'),('SV00048','COM001','2021-06-10 00:00:00',3,'definitely worth the time'),('SV00048','SAL005','2021-05-26 00:00:00',3,'i like this course'),('SV00048','ST0001','2021-08-24 00:00:00',1,'i need a refund'),('SV00049','CS0009','2021-04-05 00:00:00',2,'i need a rest from this disaster'),('SV00049','GOV001','2021-03-25 00:00:00',5,'i remember it all too well'),('SV00049','MLD008','2021-04-11 00:00:00',2,'totally hate it'),('SV00049','SAL001','2021-01-05 00:00:00',2,'hate it'),('SV00050','BMA009','2021-05-31 00:00:00',2,'i need a refund'),('SV00050','PD0006','2021-07-30 00:00:00',2,''),('SV00052','BMA010','2021-11-01 00:00:00',5,'good'),('SV00052','MLD011','2021-12-26 00:00:00',4,'recommend for beginners'),('SV00053','CT0003','2021-08-24 00:00:00',2,'go easy on me'),('SV00053','PD0009','2021-06-15 00:00:00',4,'the course is Ok but the too few exercises'),('SV00054','CS0010','2021-02-16 00:00:00',2,'i don\'t like this one'),('SV00054','CS0014','2021-08-14 00:00:00',2,'totally hate it'),('SV00054','CS0028','2021-08-08 00:00:00',4,'good'),('SV00054','ST0003','2021-06-19 00:00:00',3,'the course is Ok but the too few exercises'),('SV00055','BMA020','2021-06-05 00:00:00',1,'the course is time consuming'),('SV00055','BMA027','2021-03-29 00:00:00',3,'this course helps a lot'),('SV00055','GOV001','2021-01-02 00:00:00',5,'the course is Ok but the too few exercises'),('SV00055','PD0011','2021-10-07 00:00:00',4,'good'),('SV00057','BMA004','2021-06-11 00:00:00',5,'i like this course'),('SV00057','BMA016','2021-12-08 00:00:00',1,'the course is time consuming'),('SV00057','CS0017','2021-02-05 00:00:00',4,'i like this course'),('SV00057','CS0032','2021-01-06 00:00:00',1,'the course is time consuming'),('SV00057','CS0038','2021-03-19 00:00:00',5,'recommend for beginners'),('SV00057','MLD014','2021-04-04 00:00:00',2,'hate it'),('SV00058','CT0004','2021-12-02 00:00:00',3,'good'),('SV00058','MLD015','2021-06-01 00:00:00',5,'i remember it all too well'),('SV00059','SAL001','2021-10-25 00:00:00',1,''),('SV00059','SAL009','2021-01-31 00:00:00',4,'this course helps a lot'),('SV00060','BMA028','2021-09-03 00:00:00',5,'good'),('SV00061','CT0001','2021-11-03 00:00:00',5,'recommend for beginners'),('SV00061','MLD009','2021-12-29 00:00:00',1,'bad'),('SV00061','ST0002','2021-07-20 00:00:00',3,'i like this course'),('SV00062','CS0001','2021-06-09 00:00:00',5,'this course helps a lot'),('SV00062','CS0015','2021-12-03 00:00:00',4,'definitely worth the time'),('SV00062','MLD020','2021-10-15 00:00:00',1,'this is a waste of money'),('SV00063','CS0001','2021-12-22 00:00:00',1,'hate it'),('SV00065','AE0003','2021-03-27 00:00:00',5,'this course helps a lot'),('SV00065','BMA007','2021-08-13 00:00:00',3,'definitely worth the time'),('SV00065','CS0027','2021-03-05 00:00:00',4,'it\'s good but it lacks of some materials'),('SV00066','BMA002','2021-07-04 00:00:00',4,'i remember it all too well'),('SV00066','BMA008','2021-12-09 00:00:00',5,'recommend for beginners'),('SV00066','CS0041','2021-12-09 00:00:00',2,'the course is time consuming'),('SV00067','BMA024','2021-06-26 00:00:00',3,'definitely worth the time'),('SV00068','EDU001','2021-01-30 00:00:00',5,'definitely worth the time'),('SV00069','CS0020','2021-12-21 00:00:00',3,''),('SV00069','MLD004','2021-07-26 00:00:00',1,'wish i didnt pay for this'),('SV00069','PD0005','2021-03-30 00:00:00',2,'this course affects my mental health. i hate it'),('SV00070','BMA028','2021-04-10 00:00:00',3,''),('SV00070','BMA035','2021-09-05 00:00:00',3,'i remember it all too well'),('SV00070','CS0006','2021-07-28 00:00:00',1,'it\'s so bad i wonder who made this'),('SV00070','CT0004','2021-05-12 00:00:00',4,'recommend for beginners'),('SV00070','PD0002','2021-01-20 00:00:00',5,'good'),('SV00071','BMA007','2021-11-03 00:00:00',5,'it\'s good but it lacks of some materials'),('SV00071','BMA017','2021-11-10 00:00:00',5,''),('SV00071','BMA027','2021-02-04 00:00:00',3,'definitely worth the time'),('SV00071','CS0016','2021-05-07 00:00:00',5,'definitely worth the time'),('SV00071','CS0037','2021-06-05 00:00:00',2,'the course is time consuming'),('SV00072','CT0002','2021-04-23 00:00:00',3,'it\'s good but it lacks of some materials'),('SV00073','CS0040','2021-11-20 00:00:00',1,'wish i didnt pay for this'),('SV00073','PD0012','2021-05-27 00:00:00',1,'i need a refund'),('SV00074','AE0001','2021-01-28 00:00:00',5,'good'),('SV00074','BMA003','2021-01-05 00:00:00',1,'this course affects my mental health. i hate it'),('SV00074','CS0008','2021-12-31 00:00:00',1,'bad'),('SV00074','CS0016','2021-11-15 00:00:00',5,'definitely worth the time'),('SV00074','HM001','2021-09-03 00:00:00',1,'this is a waste of money'),('SV00074','MLD002','2021-02-06 00:00:00',1,'i wished i didnt pay for this'),('SV00075','AE0003','2021-05-18 00:00:00',1,'go easy on me'),('SV00075','CS0009','2021-02-18 00:00:00',4,'recommend for beginners'),('SV00075','PD0003','2021-05-08 00:00:00',1,'the course is time consuming'),('SV00076','CS0023','2021-07-06 00:00:00',5,'good'),('SV00076','CS0033','2021-07-31 00:00:00',4,'i remember it all too well'),('SV00076','EDU003','2021-02-15 00:00:00',3,'i like this course'),('SV00077','IRM001','2021-02-03 00:00:00',2,'go easy on me'),('SV00077','MLD009','2021-11-22 00:00:00',4,'definitely worth the time'),('SV00078','BMA029','2021-12-20 00:00:00',3,'definitely worth the time'),('SV00078','BMA033','2021-03-28 00:00:00',4,'this course helps a lot'),('SV00079','CS0022','2021-06-01 00:00:00',4,'this course helps a lot'),('SV00079','GOV002','2021-07-25 00:00:00',4,'i remember it all too well'),('SV00079','MLD003','2021-04-04 00:00:00',5,'this course helps a lot'),('SV00079','SAL009','2021-05-05 00:00:00',3,'this course helps a lot'),('SV00080','MLD019','2021-11-01 00:00:00',4,'definitely worth the time'),('SV00080','ST0002','2021-07-10 00:00:00',4,'this course helps a lot'),('SV00082','CS0029','2021-05-19 00:00:00',3,'recommend for beginners'),('SV00083','BMA014','2021-10-27 00:00:00',2,'go easy on me'),('SV00083','CS0026','2021-11-18 00:00:00',5,'the course is Ok but the too few exercises'),('SV00083','PD0002','2021-08-11 00:00:00',3,''),('SV00084','CS0015','2021-12-27 00:00:00',2,'totally hate it'),('SV00084','MLD003','2021-12-02 00:00:00',1,'hate it'),('SV00084','PD0006','2021-11-14 00:00:00',3,''),('SV00085','MLD014','2021-08-19 00:00:00',5,'i like this course'),('SV00086','CS0029','2021-11-16 00:00:00',1,'it\'s so bad i wonder who made this'),('SV00086','CS0038','2021-11-08 00:00:00',2,'go easy on me'),('SV00087','BMA012','2021-10-03 00:00:00',1,'i need a rest from this disaster'),('SV00087','BMA034','2021-06-03 00:00:00',3,'good'),('SV00087','MLD015','2021-03-26 00:00:00',2,'this is a waste of money'),('SV00088','BMA031','2021-09-15 00:00:00',1,'this sucks'),('SV00089','BMA007','2021-10-10 00:00:00',2,'this is a waste of money'),('SV00089','BMA032','2021-06-22 00:00:00',5,'definitely worth the time'),('SV00089','CS0005','2021-07-28 00:00:00',4,'definitely worth the time'),('SV00089','MLD004','2021-05-28 00:00:00',5,'recommend for beginners'),('SV00089','PD0006','2021-04-05 00:00:00',3,'definitely worth the time'),('SV00090','BMA014','2021-10-15 00:00:00',1,'totally hate it'),('SV00090','CS0012','2021-09-17 00:00:00',1,'wish i didnt pay for this'),('SV00091','BMA005','2021-04-05 00:00:00',3,'this course helps a lot'),('SV00091','EDU002','2021-01-10 00:00:00',3,'i like this course'),('SV00091','PD0007','2021-01-07 00:00:00',1,'the course is time consuming'),('SV00092','BMA013','2021-10-05 00:00:00',5,'it\'s good but it lacks of some materials'),('SV00092','MLD017','2021-05-19 00:00:00',3,'i remember it all too well'),('SV00092','PD0012','2021-12-10 00:00:00',3,'this course helps a lot'),('SV00093','CS0034','2021-06-26 00:00:00',3,'this course helps a lot'),('SV00094','MLD019','2021-03-03 00:00:00',5,'i like this course'),('SV00094','PD0007','2021-04-12 00:00:00',2,''),('SV00095','CS0008','2021-08-22 00:00:00',1,'this sucks'),('SV00095','CS0038','2021-03-08 00:00:00',1,'it\'s so bad i wonder who made this'),('SV00096','BMA020','2021-10-25 00:00:00',3,'it\'s good but it lacks of some materials'),('SV00096','CS0020','2021-06-20 00:00:00',4,'the course is Ok but the too few exercises'),('SV00096','CS0025','2021-01-28 00:00:00',2,'wish i didnt pay for this'),('SV00097','BMA029','2021-09-01 00:00:00',5,'i remember it all too well'),('SV00097','MLD005','2021-03-18 00:00:00',4,'i remember it all too well'),('SV00099','BMA021','2021-12-26 00:00:00',2,'it\'s so bad i wonder who made this'),('SV00099','EDU003','2021-01-05 00:00:00',4,'i remember it all too well'),('SV00099','ST0003','2021-11-27 00:00:00',3,'i remember it all too well'),('SV00100','BMA032','2021-03-12 00:00:00',1,'i need a refund'),('SV00100','CS0020','2021-04-08 00:00:00',5,'good'),('SV00100','CS0027','2021-10-02 00:00:00',5,'definitely worth the time'),('SV00101','BMA005','2021-12-26 00:00:00',5,'good'),('SV00102','CS0021','2021-12-04 00:00:00',1,'i wished i didnt pay for this'),('SV00102','PD0008','2021-03-08 00:00:00',2,''),('SV00102','PD0012','2021-06-02 00:00:00',2,'this is a waste of money'),('SV00103','BMA018','2021-03-09 00:00:00',5,'i remember it all too well'),('SV00103','CT0002','2021-11-18 00:00:00',2,'the course is time consuming'),('SV00103','CT0003','2021-06-14 00:00:00',4,'this course helps a lot'),('SV00104','BMA013','2021-07-30 00:00:00',5,'good'),('SV00104','CS0026','2021-01-23 00:00:00',5,'i remember it all too well'),('SV00104','MLD001','2021-10-31 00:00:00',5,'i remember it all too well'),('SV00105','BMA015','2021-01-05 00:00:00',5,'definitely worth the time'),('SV00105','CS0001','2021-11-13 00:00:00',4,'the course is Ok but the too few exercises'),('SV00105','MLD017','2021-06-27 00:00:00',3,'it\'s good but it lacks of some materials'),('SV00106','CS0003','2021-09-12 00:00:00',5,'it\'s good but it lacks of some materials'),('SV00106','CT0004','2021-01-04 00:00:00',2,'the course is time consuming'),('SV00107','BMA012','2021-11-20 00:00:00',2,'go easy on me'),('SV00107','SAL001','2021-04-09 00:00:00',1,'i wished i didnt pay for this'),('SV00107','SAL004','2021-02-15 00:00:00',2,'this course affects my mental health. i hate it'),('SV00108','AE0001','2021-06-06 00:00:00',1,'totally hate it'),('SV00108','BMA002','2021-05-18 00:00:00',1,'bad'),('SV00108','BMA033','2021-06-19 00:00:00',2,'hate it'),('SV00108','CS0034','2021-04-18 00:00:00',1,'i don\'t like this one'),('SV00108','ST0002','2021-06-01 00:00:00',3,'it\'s good but it lacks of some materials'),('SV00109','BMA036','2021-09-02 00:00:00',4,'this course helps a lot'),('SV00109','CS0006','2021-01-31 00:00:00',5,'i remember it all too well'),('SV00109','PD0007','2021-02-06 00:00:00',2,'hate it'),('SV00110','COM001','2021-06-02 00:00:00',2,'i need a rest from this disaster'),('SV00110','MLD003','2021-02-11 00:00:00',5,''),('SV00113','COM001','2021-10-27 00:00:00',2,'this is a waste of money'),('SV00113','CS0011','2021-08-14 00:00:00',1,''),('SV00113','GOV001','2021-04-13 00:00:00',3,'definitely worth the time'),('SV00115','AE0001','2021-11-16 00:00:00',4,''),('SV00116','MLD010','2021-05-25 00:00:00',2,'wish i didnt pay for this'),('SV00116','SAL003','2021-12-25 00:00:00',1,'this sucks'),('SV00117','IRM001','2021-04-19 00:00:00',5,'recommend for beginners'),('SV00117','SAL006','2021-10-27 00:00:00',5,'this course helps a lot'),('SV00118','BMA007','2021-07-27 00:00:00',5,'i like this course'),('SV00118','CS0001','2021-11-29 00:00:00',5,'i like this course'),('SV00118','GOV002','2021-07-14 00:00:00',5,'the course is Ok but the too few exercises'),('SV00118','MLD004','2021-08-26 00:00:00',3,'it\'s good but it lacks of some materials'),('SV00119','BMA002','2021-09-09 00:00:00',2,'bad'),('SV00119','CS0016','2021-12-22 00:00:00',2,'totally hate it'),('SV00119','MLD004','2021-04-10 00:00:00',5,'recommend for beginners'),('SV00119','PD0012','2021-06-09 00:00:00',4,'good'),('SV00120','CS0035','2021-03-05 00:00:00',3,'recommend for beginners'),('SV00120','CS0038','2021-02-21 00:00:00',3,'the course is Ok but the too few exercises'),('SV00120','GOV001','2021-10-04 00:00:00',4,'good'),('SV00120','PD0013','2021-11-06 00:00:00',5,'i like this course'),('SV00121','MLD008','2021-11-13 00:00:00',5,'definitely worth the time'),('SV00122','CS0012','2021-04-14 00:00:00',3,'it\'s good but it lacks of some materials'),('SV00123','CS0029','2021-09-03 00:00:00',1,''),('SV00123','MLD009','2021-02-05 00:00:00',2,'the course is time consuming'),('SV00124','BMA026','2021-03-10 00:00:00',2,'wish i didnt pay for this'),('SV00124','CS0001','2021-01-20 00:00:00',1,'go easy on me'),('SV00124','CS0041','2021-07-03 00:00:00',4,'i remember it all too well'),('SV00124','CT0001','2021-05-19 00:00:00',3,'recommend for beginners'),('SV00124','MLD015','2021-04-12 00:00:00',5,'this course helps a lot'),('SV00124','PD0007','2021-07-13 00:00:00',5,'i remember it all too well'),('SV00125','BMA035','2021-02-16 00:00:00',1,'this course affects my mental health. i hate it'),('SV00125','CS0011','2021-12-21 00:00:00',1,'i wished i didnt pay for this'),('SV00125','EDU004','2021-01-26 00:00:00',3,'i like this course'),('SV00125','PD0004','2021-09-21 00:00:00',4,'recommend for beginners'),('SV00126','CS0030','2021-06-29 00:00:00',2,'the course is time consuming'),('SV00126','MLD014','2021-05-05 00:00:00',5,''),('SV00127','MLD007','2021-08-05 00:00:00',1,'the course is time consuming'),('SV00127','MLD015','2021-01-11 00:00:00',1,'the course is time consuming'),('SV00128','BMA022','2021-12-08 00:00:00',5,'i remember it all too well'),('SV00129','BMA024','2021-09-30 00:00:00',5,'the course is Ok but the too few exercises'),('SV00129','BMA029','2021-07-03 00:00:00',1,'go easy on me'),('SV00129','GOV001','2021-03-05 00:00:00',5,'it\'s good but it lacks of some materials'),('SV00129','MLD021','2021-01-15 00:00:00',1,''),('SV00129','PD0006','2021-01-26 00:00:00',3,'this course helps a lot'),('SV00130','AE0003','2021-10-31 00:00:00',5,'good'),('SV00131','CS0029','2021-03-14 00:00:00',5,'the course is Ok but the too few exercises'),('SV00132','BMA022','2021-11-27 00:00:00',3,'it\'s good but it lacks of some materials'),('SV00134','CS0021','2021-05-27 00:00:00',4,'it\'s good but it lacks of some materials'),('SV00134','SAL009','2021-04-02 00:00:00',3,'the course is Ok but the too few exercises'),('SV00135','AE0001','2021-11-02 00:00:00',5,'i remember it all too well'),('SV00136','PD0001','2021-08-09 00:00:00',5,'i remember it all too well'),('SV00137','COM001','2021-12-07 00:00:00',5,'it\'s good but it lacks of some materials'),('SV00137','CS0004','2021-12-09 00:00:00',1,''),('SV00137','CS0020','2021-04-09 00:00:00',1,'it\'s so bad i wonder who made this'),('SV00137','HM001','2021-03-01 00:00:00',5,'this course helps a lot'),('SV00137','SAL002','2021-01-29 00:00:00',1,'this is a waste of money'),('SV00138','BMA029','2021-03-05 00:00:00',1,'it\'s so bad i wonder who made this'),('SV00138','CS0041','2021-02-03 00:00:00',5,''),('SV00138','MLD008','2021-01-26 00:00:00',1,'totally hate it'),('SV00138','SAL008','2021-04-04 00:00:00',1,'this is a waste of money'),('SV00142','PD0004','2021-09-26 00:00:00',2,'it\'s so bad i wonder who made this'),('SV00144','BMA034','2021-03-13 00:00:00',2,'go easy on me'),('SV00144','CS0014','2021-08-12 00:00:00',4,'definitely worth the time'),('SV00144','MLD016','2021-06-15 00:00:00',2,'this course affects my mental health. i hate it'),('SV00145','SAL007','2021-09-06 00:00:00',1,'i wished i didnt pay for this'),('SV00145','ST0002','2021-03-20 00:00:00',1,'this sucks'),('SV00146','BMA038','2021-05-30 00:00:00',1,'go easy on me'),('SV00146','CAS001','2021-05-28 00:00:00',1,'i need a refund'),('SV00146','CS0008','2021-04-05 00:00:00',1,'i need a refund'),('SV00146','IRM001','2021-03-01 00:00:00',2,'i wished i didnt pay for this'),('SV00146','ST0001','2021-09-02 00:00:00',3,'i remember it all too well'),('SV00147','CS0040','2021-06-08 00:00:00',1,'i need a rest from this disaster'),('SV00147','EDU001','2021-02-21 00:00:00',4,''),('SV00147','EDU003','2021-06-27 00:00:00',2,''),('SV00148','CS0022','2021-08-22 00:00:00',1,'this course affects my mental health. i hate it'),('SV00149','BMA006','2021-07-31 00:00:00',1,'the course is time consuming'),('SV00149','CS0016','2021-06-25 00:00:00',3,''),('SV00150','BMA009','2021-12-04 00:00:00',4,'definitely worth the time'),('SV00150','CS0006','2021-08-03 00:00:00',5,'the course is Ok but the too few exercises'),('SV00151','BMA019','2021-01-06 00:00:00',4,'it\'s good but it lacks of some materials'),('SV00151','MLD012','2021-04-29 00:00:00',2,''),('SV00152','BMA010','2021-02-28 00:00:00',2,'i need a rest from this disaster'),('SV00152','MLD001','2021-08-14 00:00:00',5,'definitely worth the time'),('SV00152','MLD009','2021-06-23 00:00:00',4,'good'),('SV00153','BMA022','2021-10-05 00:00:00',3,'it\'s good but it lacks of some materials'),('SV00153','BMA031','2021-05-10 00:00:00',3,'recommend for beginners'),('SV00153','CS0023','2021-02-22 00:00:00',3,'recommend for beginners'),('SV00153','PD0004','2021-01-29 00:00:00',5,'i like this course'),('SV00155','BMA001','2021-12-21 00:00:00',3,''),('SV00155','BMA003','2021-07-25 00:00:00',5,'this course helps a lot'),('SV00155','BMA022','2021-09-20 00:00:00',3,'definitely worth the time'),('SV00155','HM001','2021-04-20 00:00:00',1,'i need a refund'),('SV00156','BMA007','2021-08-23 00:00:00',4,'i like this course'),('SV00156','BMA033','2021-11-28 00:00:00',4,'recommend for beginners'),('SV00156','MLD011','2021-04-21 00:00:00',1,''),('SV00156','SAL009','2021-11-08 00:00:00',4,''),('SV00157','BMA025','2021-09-21 00:00:00',2,'wish i didnt pay for this'),('SV00157','CS0021','2021-11-16 00:00:00',2,'i don\'t like this one'),('SV00157','SAL007','2021-07-16 00:00:00',1,'this sucks'),('SV00158','CS0039','2021-02-15 00:00:00',2,'i wished i didnt pay for this'),('SV00159','BMA015','2021-02-27 00:00:00',5,'this course helps a lot'),('SV00160','BMA037','2021-12-28 00:00:00',3,'i remember it all too well'),('SV00160','CS0006','2021-03-16 00:00:00',2,'this sucks'),('SV00160','CS0033','2021-05-20 00:00:00',2,''),('SV00161','CS0033','2021-12-16 00:00:00',5,'definitely worth the time'),('SV00161','CS0037','2021-08-22 00:00:00',5,'recommend for beginners'),('SV00162','CS0020','2021-08-01 00:00:00',2,'wish i didnt pay for this'),('SV00162','PD0013','2021-02-22 00:00:00',1,'bad'),('SV00162','SAL006','2021-10-01 00:00:00',4,'the course is Ok but the too few exercises'),('SV00163','MLD007','2021-04-15 00:00:00',4,'recommend for beginners'),('SV00163','MLD009','2021-02-20 00:00:00',5,'good'),('SV00163','PD0008','2021-06-03 00:00:00',4,'this course helps a lot'),('SV00164','CT0003','2021-03-11 00:00:00',1,'the course is time consuming'),('SV00165','BMA001','2021-12-13 00:00:00',2,'wish i didnt pay for this'),('SV00165','CS0016','2021-08-04 00:00:00',4,'it\'s good but it lacks of some materials'),('SV00165','CS0035','2021-04-18 00:00:00',5,'the course is Ok but the too few exercises'),('SV00165','PD0004','2021-06-09 00:00:00',2,'i don\'t like this one'),('SV00165','PD0009','2021-12-31 00:00:00',5,'the course is Ok but the too few exercises'),('SV00166','BMA035','2021-08-10 00:00:00',1,'i need a rest from this disaster'),('SV00167','BMA007','2021-10-19 00:00:00',2,'i don\'t like this one'),('SV00167','CS0006','2021-02-10 00:00:00',1,''),('SV00168','AE0003','2021-02-17 00:00:00',5,'this course helps a lot'),('SV00168','CS0033','2021-02-17 00:00:00',4,'recommend for beginners'),('SV00169','BMA030','2021-03-26 00:00:00',1,'this sucks'),('SV00169','CS0024','2021-09-16 00:00:00',5,'it\'s good but it lacks of some materials'),('SV00170','BMA015','2021-01-19 00:00:00',5,'the course is Ok but the too few exercises'),('SV00170','BMA025','2021-01-07 00:00:00',3,'i remember it all too well'),('SV00170','BMA026','2021-03-16 00:00:00',3,'recommend for beginners'),('SV00170','CS0018','2021-02-08 00:00:00',2,'i need a refund'),('SV00170','EDU001','2021-11-30 00:00:00',4,'this course helps a lot'),('SV00172','MLD010','2021-04-02 00:00:00',3,'i remember it all too well'),('SV00172','MLD021','2021-07-15 00:00:00',4,''),('SV00173','ACE001','2021-09-23 00:00:00',1,'wish i didnt pay for this'),('SV00173','BMA016','2021-04-15 00:00:00',1,'hate it'),('SV00173','ST0003','2021-09-26 00:00:00',3,'good'),('SV00175','BMA022','2021-10-09 00:00:00',5,'it\'s good but it lacks of some materials'),('SV00175','BMA027','2021-09-09 00:00:00',3,'definitely worth the time'),('SV00175','CS0014','2021-05-19 00:00:00',3,'the course is Ok but the too few exercises'),('SV00175','MLD012','2021-11-14 00:00:00',2,'it\'s so bad i wonder who made this'),('SV00176','CT0001','2021-01-19 00:00:00',1,'go easy on me'),('SV00176','MLD017','2021-05-30 00:00:00',5,'i remember it all too well');
/*!40000 ALTER TABLE `details_rates` ENABLE KEYS */;
UNLOCK TABLES;

--
-- Dumping data for table `documents`
--

LOCK TABLES `documents` WRITE;
/*!40000 ALTER TABLE `documents` DISABLE KEYS */;
INSERT INTO `documents` VALUES ('ACE001','01','textbook','link'),('ACE001','02','material 1','study plan'),('ACE001','03','side note','exercise'),('ACE001','04','textbook','study plan'),('ACE001','05','appendix','folder'),('BMA001','01','syllabus','folder'),('BMA001','02','material 1','discussion'),('BMA001','03','material 2','study plan'),('BMA001','04','note about lecture','discussion'),('BMA001','05','syllabus','study plan'),('BMA001','06','textbook','exercise'),('BMA013','01','note about lecture','link'),('BMA013','02','syllabus','page'),('BMA013','03','textbook','discussion'),('BMA013','04','material 2','discussion'),('BMA025','01','note about lecture','folder'),('BMA025','02','Q&A','page'),('BMA025','03','class notes','link'),('BMA025','04','side note','folder'),('BMA025','05','lesson','link'),('BMA025','06','side note','link'),('BMA026','01','tutorial','file'),('BMA026','02','syllabus','discussion'),('BMA026','03','material 2','discussion'),('BMA026','04','Q&A','study plan'),('BMA026','05','Q&A','study plan'),('BMA026','06','Q&A','link'),('BMA028','01','tutorial','file'),('BMA028','02','material 1','folder'),('BMA028','03','textbook','page'),('BMA028','04','class notes','discussion'),('BMA028','05','tutorial','exercise'),('BMA028','06','Q&A','folder'),('BMA028','07','appendix','discussion'),('CS0001','01','lesson','folder'),('CS0001','02','material 1','exercise'),('CS0001','03','class notes','discussion'),('CS0001','04','tutorial','study plan'),('CS0010','01','Q&A','study plan'),('CS0010','02','syllabus','exercise'),('CS0010','03','Q&A','folder'),('CS0010','04','introduction','page'),('CS0010','05','side note','page'),('CS0010','06','appendix','exercise'),('CS0010','07','tutorial','folder'),('CS0010','08','syllabus','page'),('CS0011','01','Q&A','study plan'),('CS0011','02','syllabus','study plan'),('CS0011','03','material 1','link'),('CS0011','04','tutorial','file'),('CS0011','05','appendix','folder'),('CS0011','06','appendix','discussion'),('CS0011','07','textbook','discussion'),('CS0011','08','textbook','file'),('CS0011','09','side note','folder'),('CS0013','01','introduction','exercise'),('CS0013','02','lesson','page'),('CS0013','03','material 1','file'),('CS0013','04','material 2','folder'),('CS0013','05','Q&A','file'),('CS0015','01','introduction','exercise'),('CS0015','02','introduction','page'),('CS0015','03','class notes','exercise'),('CS0015','04','side note','link'),('CS0015','05','appendix','discussion'),('CS0015','06','material 2','exercise'),('CS0015','07','Q&A','file'),('CS0015','08','appendix','link'),('CS0020','01','syllabus','file'),('CS0020','02','material 1','file'),('CS0020','03','tutorial','discussion'),('CS0020','04','side note','study plan'),('CS0020','05','syllabus','folder'),('CS0020','06','material 2','exercise'),('CS0020','07','material 3','exercise'),('CS0020','08','note about lecture','file'),('CS0020','09','class notes','file'),('CS0020','10','class notes','exercise'),('CS0021','01','introduction','page'),('CS0021','02','side note','study plan'),('CS0021','03','note about lecture','folder'),('CS0021','04','Q&A','discussion'),('CS0021','05','side note','exercise'),('CS0021','06','class notes','exercise'),('CS0021','07','material 2','folder'),('CS0021','08','lesson','exercise'),('CS0035','01','introduction','page'),('CS0035','02','material 2','link'),('CS0035','03','syllabus','page'),('CS0035','04','material 1','discussion'),('CS0037','01','textbook','folder'),('CS0037','02','note about lecture','folder'),('CS0037','03','material 1','page'),('CS0037','04','material 2','exercise'),('CS0037','05','material 3','file'),('CS0037','06','lesson','link'),('CS0037','07','class notes','file'),('CS0037','08','tutorial','discussion'),('CS0037','09','textbook','study plan'),('CS0037','10','note about lecture','discussion'),('EDU001','01','material 1','exercise'),('EDU001','02','textbook','study plan'),('EDU001','03','material 2','page'),('EDU001','04','syllabus','folder'),('EDU001','05','lesson','file'),('EDU001','06','tutorial','file'),('EDU001','07','tutorial','page'),('EDU001','08','note about lecture','discussion'),('GOV001','01','material 1','study plan'),('GOV001','02','side note','page'),('GOV001','03','note about lecture','discussion'),('GOV001','04','appendix','page'),('GOV001','05','side note','exercise'),('GOV001','06','note about lecture','discussion'),('GOV002','01','syllabus','discussion'),('GOV002','02','material 1','exercise'),('GOV002','03','introduction','discussion'),('GOV002','04','class notes','file'),('HM001','01','syllabus','study plan'),('HM001','02','introduction','file'),('HM001','03','side note','folder'),('MLD001','01','note about lecture','link'),('MLD001','02','syllabus','study plan'),('MLD001','03','note about lecture','page'),('MLD001','04','class notes','link'),('MLD001','05','note about lecture','page'),('MLD001','06','Q&A','exercise'),('MLD001','07','side note','study plan'),('MLD001','08','Q&A','file'),('MLD009','01','side note','study plan'),('MLD009','02','lesson','folder'),('MLD009','03','class notes','file'),('MLD009','04','material 1','file'),('MLD009','05','material 2','file'),('MLD009','06','introduction','exercise'),('MLD015','01','tutorial','discussion'),('MLD015','02','material 2','exercise'),('MLD015','03','material 1','page'),('MLD015','04','tutorial','file'),('MLD016','01','introduction','file'),('MLD016','02','appendix','exercise'),('MLD016','03','lesson','discussion'),('MLD016','04','side note','file'),('MLD016','05','lesson','exercise'),('MLD016','06','material 2','link'),('MLD016','07','class notes','file'),('MLD016','08','appendix','folder'),('MLD017','01','note about lecture','link'),('MLD017','02','tutorial','page'),('MLD017','03','side note','page'),('MLD017','04','textbook','file'),('MLD017','05','material 2','study plan'),('PD0001','01','textbook','link'),('PD0001','02','appendix','study plan'),('PD0001','03','tutorial','exercise'),('PD0001','04','class notes','page'),('PD0001','05','material 1','folder'),('PD0001','06','introduction','link'),('PD0007','01','class notes','file'),('PD0007','02','note about lecture','discussion'),('PD0007','03','side note','folder'),('PD0007','04','class notes','link'),('PD0007','05','tutorial','folder'),('PD0007','06','note about lecture','exercise'),('PD0007','07','class notes','file'),('PD0008','01','Q&A','study plan'),('PD0008','02','class notes','file'),('PD0008','03','class notes','exercise'),('PD0008','04','side note','file'),('PD0008','05','lesson','link'),('PD0008','06','lesson','link'),('PD0008','07','tutorial','folder'),('SAL001','01','introduction','page'),('SAL001','02','syllabus','file'),('SAL001','03','note about lecture','folder'),('SAL001','04','appendix','link'),('SAL006','01','introduction','discussion'),('SAL006','02','class notes','study plan'),('SAL006','03','material 1','page'),('SAL006','04','side note','exercise'),('SAL006','05','material 2','study plan'),('SAL006','06','material 3','exercise'),('SAL006','07','syllabus','folder'),('ST0001','01','introduction','link'),('ST0001','02','Q&A','folder'),('ST0001','03','lesson','link'),('ST0001','04','tutorial','discussion'),('ST0001','05','class notes','discussion'),('ST0001','06','lesson','file'),('ST0001','07','lesson','file'),('ST0001','08','material 2','exercise'),('ST0001','09','Q&A','page'),('ST0001','10','appendix','study plan');
/*!40000 ALTER TABLE `documents` ENABLE KEYS */;
UNLOCK TABLES;

--
-- Dumping data for table `enrolls`
--

LOCK TABLES `enrolls` WRITE;
/*!40000 ALTER TABLE `enrolls` DISABLE KEYS */;
INSERT INTO `enrolls` VALUES ('SV00024','ACE001'),('SV00036','ACE001'),('SV00173','ACE001'),('SV00074','AE0001'),('SV00108','AE0001'),('SV00115','AE0001'),('SV00135','AE0001'),('SV00032','AE0002'),('SV00005','AE0003'),('SV00065','AE0003'),('SV00075','AE0003'),('SV00130','AE0003'),('SV00168','AE0003'),('SV00155','BMA001'),('SV00165','BMA001'),('SV00066','BMA002'),('SV00108','BMA002'),('SV00119','BMA002'),('SV00023','BMA003'),('SV00026','BMA003'),('SV00074','BMA003'),('SV00155','BMA003'),('SV00034','BMA004'),('SV00057','BMA004'),('SV00007','BMA005'),('SV00091','BMA005'),('SV00101','BMA005'),('SV00041','BMA006'),('SV00149','BMA006'),('SV00065','BMA007'),('SV00071','BMA007'),('SV00089','BMA007'),('SV00118','BMA007'),('SV00156','BMA007'),('SV00167','BMA007'),('SV00033','BMA008'),('SV00066','BMA008'),('SV00001','BMA009'),('SV00050','BMA009'),('SV00150','BMA009'),('SV00052','BMA010'),('SV00152','BMA010'),('SV00087','BMA012'),('SV00107','BMA012'),('SV00012','BMA013'),('SV00092','BMA013'),('SV00104','BMA013'),('SV00083','BMA014'),('SV00090','BMA014'),('SV00012','BMA015'),('SV00105','BMA015'),('SV00159','BMA015'),('SV00170','BMA015'),('SV00057','BMA016'),('SV00173','BMA016'),('SV00045','BMA017'),('SV00071','BMA017'),('SV00029','BMA018'),('SV00103','BMA018'),('SV00028','BMA019'),('SV00044','BMA019'),('SV00151','BMA019'),('SV00012','BMA020'),('SV00055','BMA020'),('SV00096','BMA020'),('SV00045','BMA021'),('SV00099','BMA021'),('SV00128','BMA022'),('SV00132','BMA022'),('SV00153','BMA022'),('SV00155','BMA022'),('SV00175','BMA022'),('SV00026','BMA023'),('SV00032','BMA023'),('SV00037','BMA024'),('SV00067','BMA024'),('SV00129','BMA024'),('SV00041','BMA025'),('SV00157','BMA025'),('SV00170','BMA025'),('SV00021','BMA026'),('SV00124','BMA026'),('SV00170','BMA026'),('SV00055','BMA027'),('SV00071','BMA027'),('SV00175','BMA027'),('SV00019','BMA028'),('SV00060','BMA028'),('SV00070','BMA028'),('SV00078','BMA029'),('SV00097','BMA029'),('SV00129','BMA029'),('SV00138','BMA029'),('SV00169','BMA030'),('SV00088','BMA031'),('SV00153','BMA031'),('SV00011','BMA032'),('SV00089','BMA032'),('SV00100','BMA032'),('SV00078','BMA033'),('SV00108','BMA033'),('SV00156','BMA033'),('SV00087','BMA034'),('SV00144','BMA034'),('SV00070','BMA035'),('SV00125','BMA035'),('SV00166','BMA035'),('SV00006','BMA036'),('SV00038','BMA036'),('SV00109','BMA036'),('SV00160','BMA037'),('SV00033','BMA038'),('SV00146','BMA038'),('SV00039','CAS001'),('SV00044','CAS001'),('SV00146','CAS001'),('SV00011','COM001'),('SV00033','COM001'),('SV00048','COM001'),('SV00110','COM001'),('SV00113','COM001'),('SV00137','COM001'),('SV00062','CS0001'),('SV00063','CS0001'),('SV00105','CS0001'),('SV00118','CS0001'),('SV00124','CS0001'),('SV00106','CS0003'),('SV00035','CS0004'),('SV00137','CS0004'),('SV00089','CS0005'),('SV00070','CS0006'),('SV00109','CS0006'),('SV00150','CS0006'),('SV00160','CS0006'),('SV00167','CS0006'),('SV00035','CS0008'),('SV00046','CS0008'),('SV00074','CS0008'),('SV00095','CS0008'),('SV00146','CS0008'),('SV00049','CS0009'),('SV00075','CS0009'),('SV00054','CS0010'),('SV00008','CS0011'),('SV00036','CS0011'),('SV00113','CS0011'),('SV00125','CS0011'),('SV00030','CS0012'),('SV00090','CS0012'),('SV00122','CS0012'),('SV00027','CS0013'),('SV00054','CS0014'),('SV00144','CS0014'),('SV00175','CS0014'),('SV00062','CS0015'),('SV00084','CS0015'),('SV00010','CS0016'),('SV00071','CS0016'),('SV00074','CS0016'),('SV00119','CS0016'),('SV00149','CS0016'),('SV00165','CS0016'),('SV00016','CS0017'),('SV00028','CS0017'),('SV00034','CS0017'),('SV00057','CS0017'),('SV00170','CS0018'),('SV00031','CS0020'),('SV00069','CS0020'),('SV00096','CS0020'),('SV00100','CS0020'),('SV00137','CS0020'),('SV00162','CS0020'),('SV00020','CS0021'),('SV00102','CS0021'),('SV00134','CS0021'),('SV00157','CS0021'),('SV00079','CS0022'),('SV00148','CS0022'),('SV00024','CS0023'),('SV00034','CS0023'),('SV00041','CS0023'),('SV00076','CS0023'),('SV00153','CS0023'),('SV00009','CS0024'),('SV00169','CS0024'),('SV00096','CS0025'),('SV00083','CS0026'),('SV00104','CS0026'),('SV00065','CS0027'),('SV00100','CS0027'),('SV00002','CS0028'),('SV00034','CS0028'),('SV00054','CS0028'),('SV00021','CS0029'),('SV00082','CS0029'),('SV00086','CS0029'),('SV00123','CS0029'),('SV00131','CS0029'),('SV00020','CS0030'),('SV00126','CS0030'),('SV00020','CS0031'),('SV00057','CS0032'),('SV00076','CS0033'),('SV00160','CS0033'),('SV00161','CS0033'),('SV00168','CS0033'),('SV00041','CS0034'),('SV00093','CS0034'),('SV00108','CS0034'),('SV00042','CS0035'),('SV00120','CS0035'),('SV00165','CS0035'),('SV00001','CS0037'),('SV00037','CS0037'),('SV00043','CS0037'),('SV00071','CS0037'),('SV00161','CS0037'),('SV00057','CS0038'),('SV00086','CS0038'),('SV00095','CS0038'),('SV00120','CS0038'),('SV00010','CS0039'),('SV00021','CS0039'),('SV00158','CS0039'),('SV00073','CS0040'),('SV00147','CS0040'),('SV00001','CS0041'),('SV00066','CS0041'),('SV00124','CS0041'),('SV00138','CS0041'),('SV00029','CT0001'),('SV00061','CT0001'),('SV00124','CT0001'),('SV00176','CT0001'),('SV00072','CT0002'),('SV00103','CT0002'),('SV00053','CT0003'),('SV00103','CT0003'),('SV00164','CT0003'),('SV00058','CT0004'),('SV00070','CT0004'),('SV00106','CT0004'),('SV00068','EDU001'),('SV00147','EDU001'),('SV00170','EDU001'),('SV00027','EDU002'),('SV00091','EDU002'),('SV00004','EDU003'),('SV00029','EDU003'),('SV00076','EDU003'),('SV00099','EDU003'),('SV00147','EDU003'),('SV00125','EDU004'),('SV00049','GOV001'),('SV00055','GOV001'),('SV00113','GOV001'),('SV00120','GOV001'),('SV00129','GOV001'),('SV00079','GOV002'),('SV00118','GOV002'),('SV00003','HM001'),('SV00017','HM001'),('SV00074','HM001'),('SV00137','HM001'),('SV00155','HM001'),('SV00077','IRM001'),('SV00117','IRM001'),('SV00146','IRM001'),('SV00029','MLD001'),('SV00032','MLD001'),('SV00104','MLD001'),('SV00152','MLD001'),('SV00074','MLD002'),('SV00079','MLD003'),('SV00084','MLD003'),('SV00110','MLD003'),('SV00069','MLD004'),('SV00089','MLD004'),('SV00118','MLD004'),('SV00119','MLD004'),('SV00001','MLD005'),('SV00044','MLD005'),('SV00097','MLD005'),('SV00127','MLD007'),('SV00163','MLD007'),('SV00027','MLD008'),('SV00031','MLD008'),('SV00049','MLD008'),('SV00121','MLD008'),('SV00138','MLD008'),('SV00061','MLD009'),('SV00077','MLD009'),('SV00123','MLD009'),('SV00152','MLD009'),('SV00163','MLD009'),('SV00042','MLD010'),('SV00116','MLD010'),('SV00172','MLD010'),('SV00036','MLD011'),('SV00052','MLD011'),('SV00156','MLD011'),('SV00151','MLD012'),('SV00175','MLD012'),('SV00032','MLD014'),('SV00057','MLD014'),('SV00085','MLD014'),('SV00126','MLD014'),('SV00058','MLD015'),('SV00087','MLD015'),('SV00124','MLD015'),('SV00127','MLD015'),('SV00032','MLD016'),('SV00144','MLD016'),('SV00032','MLD017'),('SV00092','MLD017'),('SV00105','MLD017'),('SV00176','MLD017'),('SV00012','MLD019'),('SV00080','MLD019'),('SV00094','MLD019'),('SV00010','MLD020'),('SV00062','MLD020'),('SV00129','MLD021'),('SV00172','MLD021'),('SV00136','PD0001'),('SV00016','PD0002'),('SV00070','PD0002'),('SV00083','PD0002'),('SV00075','PD0003'),('SV00012','PD0004'),('SV00125','PD0004'),('SV00142','PD0004'),('SV00153','PD0004'),('SV00165','PD0004'),('SV00015','PD0005'),('SV00069','PD0005'),('SV00050','PD0006'),('SV00084','PD0006'),('SV00089','PD0006'),('SV00129','PD0006'),('SV00091','PD0007'),('SV00094','PD0007'),('SV00109','PD0007'),('SV00124','PD0007'),('SV00027','PD0008'),('SV00102','PD0008'),('SV00163','PD0008'),('SV00053','PD0009'),('SV00165','PD0009'),('SV00014','PD0011'),('SV00022','PD0011'),('SV00055','PD0011'),('SV00073','PD0012'),('SV00092','PD0012'),('SV00102','PD0012'),('SV00119','PD0012'),('SV00120','PD0013'),('SV00162','PD0013'),('SV00023','SAL001'),('SV00033','SAL001'),('SV00049','SAL001'),('SV00059','SAL001'),('SV00107','SAL001'),('SV00137','SAL002'),('SV00116','SAL003'),('SV00107','SAL004'),('SV00048','SAL005'),('SV00019','SAL006'),('SV00117','SAL006'),('SV00162','SAL006'),('SV00010','SAL007'),('SV00145','SAL007'),('SV00157','SAL007'),('SV00138','SAL008'),('SV00040','SAL009'),('SV00059','SAL009'),('SV00079','SAL009'),('SV00134','SAL009'),('SV00156','SAL009'),('SV00048','ST0001'),('SV00146','ST0001'),('SV00061','ST0002'),('SV00080','ST0002'),('SV00108','ST0002'),('SV00145','ST0002'),('SV00054','ST0003'),('SV00099','ST0003'),('SV00173','ST0003');
/*!40000 ALTER TABLE `enrolls` ENABLE KEYS */;
UNLOCK TABLES;

--
-- Dumping data for table `enrolls_info`
--

LOCK TABLES `enrolls_info` WRITE;
/*!40000 ALTER TABLE `enrolls_info` DISABLE KEYS */;
INSERT INTO `enrolls_info` VALUES ('SV00001','BMA009','2021-06-24','canceled','canceled',13000.00,'2021-11-28'),('SV00001','CS0037','2021-08-10','canceled','canceled',158000.00,'2021-09-06'),('SV00001','CS0041','2021-02-17','canceled','canceled',184000.00,'2021-06-09'),('SV00001','MLD005','2021-09-16','enrolled','complete',45000.00,'2021-11-02'),('SV00002','CS0028','2021-03-06','canceled','canceled',89000.00,'2021-12-10'),('SV00003','HM001','2021-10-12','canceled','canceled',78000.00,'2021-11-03'),('SV00004','EDU003','2021-07-09','canceled','canceled',139000.00,'2021-08-17'),('SV00005','AE0003','2021-08-21','postponed','complete',64000.00,'2021-10-17'),('SV00006','BMA036','2021-08-04','canceled','canceled',190000.00,'2021-12-04'),('SV00007','BMA005','2021-10-17','postponed','pending',5000.00,'2021-10-22'),('SV00008','CS0011','2021-05-12','canceled','canceled',30000.00,'2021-07-02'),('SV00009','CS0024','2021-05-09','enrolled','complete',80000.00,'2021-08-28'),('SV00010','CS0016','2021-03-15','canceled','canceled',47000.00,'2021-09-27'),('SV00010','CS0039','2021-04-04','canceled','canceled',162000.00,'2021-04-25'),('SV00010','MLD020','2021-02-01','canceled','canceled',195000.00,'2021-03-15'),('SV00010','SAL007','2021-06-26','canceled','canceled',137000.00,'2021-07-22'),('SV00011','BMA032','2021-06-10','canceled','canceled',141000.00,'2021-12-10'),('SV00011','COM001','2021-08-03','canceled','canceled',54000.00,'2021-10-02'),('SV00012','BMA013','2021-03-29','enrolled','complete',30000.00,'2021-10-19'),('SV00012','BMA015','2021-04-05','canceled','canceled',35000.00,'2021-07-23'),('SV00012','BMA020','2021-08-22','postponed','complete',59000.00,'2021-11-17'),('SV00012','MLD019','2021-04-28','postponed','pending',191000.00,'2021-05-31'),('SV00012','PD0004','2021-02-16','enrolled','complete',44000.00,'2021-04-03'),('SV00014','PD0011','2021-06-27','enrolled','complete',154000.00,'2021-09-16'),('SV00015','PD0005','2021-10-09','canceled','canceled',73000.00,'2021-11-01'),('SV00016','CS0017','2021-11-19','postponed','complete',50000.00,'2021-11-22'),('SV00016','PD0002','2021-07-27','postponed','pending',30000.00,'2021-11-03'),('SV00017','HM001','2021-06-16','postponed','pending',78000.00,'2021-09-30'),('SV00019','BMA028','2021-06-16','canceled','canceled',100000.00,'2021-12-31'),('SV00019','SAL006','2021-03-09','postponed','pending',127000.00,'2021-07-07'),('SV00020','CS0021','2021-05-02','canceled','canceled',69000.00,'2021-10-18'),('SV00020','CS0030','2021-08-06','canceled','canceled',96000.00,'2021-09-26'),('SV00020','CS0031','2021-02-20','postponed','pending',100000.00,'2021-12-01'),('SV00021','BMA026','2021-11-10','canceled','canceled',83000.00,'2021-12-26'),('SV00021','CS0029','2021-06-24','postponed','complete',95000.00,'2021-12-08'),('SV00021','CS0039','2021-07-22','canceled','canceled',162000.00,'2021-07-23'),('SV00022','PD0011','2021-02-13','postponed','pending',154000.00,'2021-02-23'),('SV00023','BMA003','2021-10-07','canceled','canceled',2000.00,'2021-12-20'),('SV00023','SAL001','2021-01-03','postponed','pending',7000.00,'2021-07-25'),('SV00024','ACE001','2021-10-13','postponed','pending',170000.00,'2021-12-24'),('SV00024','CS0023','2021-01-15','postponed','complete',80000.00,'2021-09-06'),('SV00026','BMA003','2021-04-09','postponed','pending',2000.00,'2021-08-23'),('SV00026','BMA023','2021-06-08','postponed','pending',80000.00,'2021-06-27'),('SV00027','CS0013','2021-02-08','enrolled','complete',38000.00,'2021-07-12'),('SV00027','EDU002','2021-03-12','enrolled','complete',91000.00,'2021-08-29'),('SV00027','MLD008','2021-05-01','postponed','complete',84000.00,'2021-05-14'),('SV00027','PD0008','2021-04-10','canceled','canceled',111000.00,'2021-12-11'),('SV00028','BMA019','2021-12-07','postponed','complete',58000.00,'2021-12-29'),('SV00028','CS0017','2021-04-04','postponed','complete',50000.00,'2021-12-20'),('SV00029','BMA018','2021-01-26','enrolled','complete',54000.00,'2021-11-07'),('SV00029','CT0001','2021-12-13','canceled','canceled',30000.00,'2021-12-20'),('SV00029','EDU003','2021-08-22','postponed','complete',139000.00,'2021-10-03'),('SV00029','MLD001','2021-05-11','canceled','canceled',1000.00,'2021-08-04'),('SV00030','CS0012','2021-09-29','enrolled','complete',33000.00,'2021-11-23'),('SV00031','CS0020','2021-08-24','canceled','canceled',60000.00,'2021-12-16'),('SV00031','MLD008','2021-10-01','postponed','pending',84000.00,'2021-10-19'),('SV00032','AE0002','2021-08-04','enrolled','complete',40000.00,'2021-12-02'),('SV00032','BMA023','2021-11-15','postponed','pending',80000.00,'2021-12-29'),('SV00032','MLD001','2021-05-23','postponed','complete',1000.00,'2021-08-31'),('SV00032','MLD014','2021-12-09','enrolled','complete',130000.00,'2021-12-26'),('SV00032','MLD016','2021-10-17','postponed','complete',176000.00,'2021-11-25'),('SV00032','MLD017','2021-07-29','enrolled','complete',181000.00,'2021-09-27'),('SV00033','BMA008','2021-09-02','postponed','pending',12000.00,'2021-10-28'),('SV00033','BMA038','2021-09-22','postponed','pending',199000.00,'2021-11-12'),('SV00033','COM001','2021-11-26','canceled','canceled',54000.00,'2021-11-29'),('SV00033','SAL001','2021-04-13','canceled','canceled',7000.00,'2021-04-25'),('SV00034','BMA004','2021-06-07','postponed','pending',3000.00,'2021-10-12'),('SV00034','CS0017','2021-07-20','postponed','pending',50000.00,'2021-11-30'),('SV00034','CS0023','2021-06-28','canceled','canceled',80000.00,'2021-11-12'),('SV00034','CS0028','2021-03-31','enrolled','complete',89000.00,'2021-12-03'),('SV00035','CS0004','2021-08-26','postponed','pending',5000.00,'2021-09-04'),('SV00035','CS0008','2021-09-03','postponed','pending',14000.00,'2021-09-29'),('SV00036','ACE001','2021-03-05','enrolled','complete',170000.00,'2021-05-07'),('SV00036','CS0011','2021-03-25','enrolled','complete',30000.00,'2021-08-24'),('SV00036','MLD011','2021-09-08','postponed','pending',120000.00,'2021-11-17'),('SV00037','BMA024','2021-05-31','postponed','pending',81000.00,'2021-11-04'),('SV00037','CS0037','2021-09-08','canceled','canceled',158000.00,'2021-11-21'),('SV00038','BMA036','2021-06-09','postponed','pending',190000.00,'2021-07-24'),('SV00039','CAS001','2021-01-05','canceled','canceled',70000.00,'2021-12-15'),('SV00040','SAL009','2021-06-02','postponed','pending',158000.00,'2021-08-02'),('SV00041','BMA006','2021-01-24','postponed','complete',9000.00,'2021-10-14'),('SV00041','BMA025','2021-01-23','canceled','canceled',81000.00,'2021-11-21'),('SV00041','CS0023','2021-10-25','enrolled','complete',80000.00,'2021-12-11'),('SV00041','CS0034','2021-08-08','enrolled','complete',131000.00,'2021-10-03'),('SV00042','CS0035','2021-05-30','enrolled','complete',131000.00,'2021-09-06'),('SV00042','MLD010','2021-12-22','postponed','complete',98000.00,'2021-12-23'),('SV00043','CS0037','2021-10-02','enrolled','complete',158000.00,'2021-12-06'),('SV00044','BMA019','2021-05-19','enrolled','complete',58000.00,'2021-12-27'),('SV00044','CAS001','2021-07-22','postponed','complete',70000.00,'2021-10-17'),('SV00044','MLD005','2021-11-02','enrolled','complete',45000.00,'2021-11-10'),('SV00045','BMA017','2021-03-16','canceled','canceled',51000.00,'2021-11-09'),('SV00045','BMA021','2021-08-14','postponed','complete',62000.00,'2021-08-19'),('SV00046','CS0008','2021-11-08','canceled','canceled',14000.00,'2021-12-31'),('SV00048','COM001','2021-02-18','postponed','complete',54000.00,'2021-11-28'),('SV00048','SAL005','2021-07-20','canceled','canceled',84000.00,'2021-11-22'),('SV00048','ST0001','2021-08-11','enrolled','complete',88000.00,'2021-09-27'),('SV00049','CS0009','2021-02-24','enrolled','complete',15000.00,'2021-07-28'),('SV00049','GOV001','2021-08-03','postponed','complete',68000.00,'2021-09-22'),('SV00049','MLD008','2021-12-24','enrolled','complete',84000.00,'2021-12-31'),('SV00049','SAL001','2021-09-22','enrolled','complete',7000.00,'2021-10-25'),('SV00050','BMA009','2021-12-20','canceled','canceled',13000.00,'2021-12-26'),('SV00050','PD0006','2021-06-07','canceled','canceled',74000.00,'2021-06-16'),('SV00052','BMA010','2021-09-15','enrolled','complete',15000.00,'2021-12-17'),('SV00052','MLD011','2021-04-26','enrolled','complete',120000.00,'2021-06-12'),('SV00053','CT0003','2021-04-22','enrolled','complete',98000.00,'2021-06-23'),('SV00053','PD0009','2021-04-01','postponed','pending',145000.00,'2021-05-21'),('SV00054','CS0010','2021-03-28','enrolled','complete',19000.00,'2021-04-20'),('SV00054','CS0014','2021-03-16','enrolled','complete',40000.00,'2021-09-14'),('SV00054','CS0028','2021-06-01','postponed','pending',89000.00,'2021-09-06'),('SV00054','ST0003','2021-10-30','enrolled','complete',162000.00,'2021-11-29'),('SV00055','BMA020','2021-07-03','postponed','pending',59000.00,'2021-07-23'),('SV00055','BMA027','2021-09-28','enrolled','complete',94000.00,'2021-12-20'),('SV00055','GOV001','2021-02-19','postponed','pending',68000.00,'2021-06-07'),('SV00055','PD0011','2021-07-15','canceled','canceled',154000.00,'2021-08-09'),('SV00057','BMA004','2021-08-17','postponed','complete',3000.00,'2021-11-19'),('SV00057','BMA016','2021-07-11','postponed','complete',43000.00,'2021-07-21'),('SV00057','CS0017','2021-03-06','enrolled','complete',50000.00,'2021-10-09'),('SV00057','CS0032','2021-10-21','postponed','complete',106000.00,'2021-11-30'),('SV00057','CS0038','2021-04-11','enrolled','complete',158000.00,'2021-10-29'),('SV00057','MLD014','2021-09-01','canceled','canceled',130000.00,'2021-12-09'),('SV00058','CT0004','2021-04-06','postponed','pending',138000.00,'2021-10-15'),('SV00058','MLD015','2021-07-13','enrolled','complete',152000.00,'2021-10-16'),('SV00059','SAL001','2021-11-11','canceled','canceled',7000.00,'2021-11-19'),('SV00059','SAL009','2021-07-15','canceled','canceled',158000.00,'2021-08-21'),('SV00060','BMA028','2021-07-10','enrolled','complete',100000.00,'2021-07-28'),('SV00061','CT0001','2021-07-26','postponed','complete',30000.00,'2021-12-29'),('SV00061','MLD009','2021-10-28','enrolled','complete',93000.00,'2021-11-21'),('SV00061','ST0002','2021-11-23','postponed','complete',134000.00,'2021-11-29'),('SV00062','CS0001','2021-09-13','postponed','pending',1000.00,'2021-10-07'),('SV00062','CS0015','2021-12-27','canceled','canceled',43000.00,'2021-12-31'),('SV00062','MLD020','2021-02-23','enrolled','complete',195000.00,'2021-08-08'),('SV00063','CS0001','2021-02-08','enrolled','complete',1000.00,'2021-09-09'),('SV00065','AE0003','2021-10-10','canceled','canceled',64000.00,'2021-11-22'),('SV00065','BMA007','2021-10-08','postponed','pending',9000.00,'2021-10-27'),('SV00065','CS0027','2021-12-01','enrolled','complete',85000.00,'2021-12-01'),('SV00066','BMA002','2021-09-21','canceled','canceled',45000.00,'2021-09-22'),('SV00066','BMA008','2021-11-19','canceled','canceled',12000.00,'2021-12-23'),('SV00066','CS0041','2021-04-16','enrolled','complete',184000.00,'2021-07-05'),('SV00067','BMA024','2021-07-23','canceled','canceled',81000.00,'2021-12-16'),('SV00068','EDU001','2021-12-21','enrolled','complete',88000.00,'2021-12-24'),('SV00069','CS0020','2021-08-18','postponed','complete',60000.00,'2021-10-04'),('SV00069','MLD004','2021-11-24','postponed','complete',25000.00,'2021-12-01'),('SV00069','PD0005','2021-10-01','enrolled','complete',73000.00,'2021-12-31'),('SV00070','BMA028','2021-12-23','enrolled','complete',100000.00,'2021-12-24'),('SV00070','BMA035','2021-12-01','enrolled','complete',163000.00,'2021-12-05'),('SV00070','CS0006','2021-08-06','canceled','canceled',13000.00,'2021-12-14'),('SV00070','CT0004','2021-11-02','canceled','canceled',138000.00,'2021-12-02'),('SV00070','PD0002','2021-10-21','enrolled','complete',30000.00,'2021-11-14'),('SV00071','BMA007','2021-12-12','postponed','complete',9000.00,'2021-12-20'),('SV00071','BMA017','2021-08-12','postponed','pending',51000.00,'2021-11-24'),('SV00071','BMA027','2021-08-14','enrolled','complete',94000.00,'2021-11-27'),('SV00071','CS0016','2021-04-02','postponed','pending',47000.00,'2021-12-06'),('SV00071','CS0037','2021-05-28','canceled','canceled',158000.00,'2021-08-22'),('SV00072','CT0002','2021-01-20','canceled','canceled',33000.00,'2021-02-02'),('SV00073','CS0040','2021-10-20','enrolled','complete',177000.00,'2021-12-08'),('SV00073','PD0012','2021-07-08','postponed','pending',159000.00,'2021-11-12'),('SV00074','AE0001','2021-12-09','postponed','pending',19000.00,'2021-12-11'),('SV00074','BMA003','2021-10-31','enrolled','complete',2000.00,'2021-12-15'),('SV00074','CS0008','2021-06-02','enrolled','complete',14000.00,'2021-06-23'),('SV00074','CS0016','2021-05-07','enrolled','complete',47000.00,'2021-09-08'),('SV00074','HM001','2021-04-22','canceled','canceled',78000.00,'2021-11-30'),('SV00074','MLD002','2021-09-04','enrolled','complete',2000.00,'2021-09-23'),('SV00075','AE0003','2021-12-20','enrolled','complete',64000.00,'2021-12-23'),('SV00075','CS0009','2021-07-16','postponed','complete',15000.00,'2021-12-02'),('SV00075','PD0003','2021-02-11','enrolled','complete',43000.00,'2021-04-23'),('SV00076','CS0023','2021-03-08','canceled','canceled',80000.00,'2021-10-20'),('SV00076','CS0033','2021-07-28','enrolled','complete',123000.00,'2021-11-07'),('SV00076','EDU003','2021-07-05','enrolled','complete',139000.00,'2021-09-18'),('SV00077','IRM001','2021-03-20','postponed','complete',51000.00,'2021-07-10'),('SV00077','MLD009','2021-04-04','postponed','complete',93000.00,'2021-06-22'),('SV00078','BMA029','2021-01-07','postponed','pending',129000.00,'2021-05-17'),('SV00078','BMA033','2021-07-23','postponed','complete',148000.00,'2021-10-18'),('SV00079','CS0022','2021-10-11','canceled','canceled',77000.00,'2021-11-16'),('SV00079','GOV002','2021-06-18','postponed','complete',148000.00,'2021-11-01'),('SV00079','MLD003','2021-12-26','postponed','pending',12000.00,'2021-12-29'),('SV00079','SAL009','2021-03-12','canceled','canceled',158000.00,'2021-11-11'),('SV00080','MLD019','2021-10-07','postponed','pending',191000.00,'2021-10-21'),('SV00080','ST0002','2021-04-23','canceled','canceled',134000.00,'2021-08-20'),('SV00082','CS0029','2021-10-21','canceled','canceled',95000.00,'2021-11-13'),('SV00083','BMA014','2021-09-20','enrolled','complete',32000.00,'2021-09-24'),('SV00083','CS0026','2021-04-06','postponed','pending',83000.00,'2021-10-18'),('SV00083','PD0002','2021-02-12','enrolled','complete',30000.00,'2021-10-21'),('SV00084','CS0015','2021-08-16','postponed','pending',43000.00,'2021-09-01'),('SV00084','MLD003','2021-11-22','canceled','canceled',12000.00,'2021-12-01'),('SV00084','PD0006','2021-06-03','canceled','canceled',74000.00,'2021-12-13'),('SV00085','MLD014','2021-10-06','canceled','canceled',130000.00,'2021-10-11'),('SV00086','CS0029','2021-11-16','canceled','canceled',95000.00,'2021-12-15'),('SV00086','CS0038','2021-08-17','enrolled','complete',158000.00,'2021-12-20'),('SV00087','BMA012','2021-06-13','canceled','canceled',30000.00,'2021-07-17'),('SV00087','BMA034','2021-03-11','enrolled','complete',149000.00,'2021-11-26'),('SV00087','MLD015','2021-02-05','postponed','complete',152000.00,'2021-11-24'),('SV00088','BMA031','2021-12-30','enrolled','complete',140000.00,'2021-12-31'),('SV00089','BMA007','2021-10-18','postponed','complete',9000.00,'2021-10-31'),('SV00089','BMA032','2021-04-15','postponed','complete',141000.00,'2021-08-29'),('SV00089','CS0005','2021-04-03','canceled','canceled',10000.00,'2021-09-08'),('SV00089','MLD004','2021-04-04','enrolled','complete',25000.00,'2021-10-29'),('SV00089','PD0006','2021-02-04','canceled','canceled',74000.00,'2021-11-08'),('SV00090','BMA014','2021-03-02','enrolled','complete',32000.00,'2021-12-01'),('SV00090','CS0012','2021-03-16','enrolled','complete',33000.00,'2021-07-04'),('SV00091','BMA005','2021-10-30','enrolled','complete',5000.00,'2021-12-19'),('SV00091','EDU002','2021-07-03','postponed','complete',91000.00,'2021-11-02'),('SV00091','PD0007','2021-07-09','postponed','complete',109000.00,'2021-08-11'),('SV00092','BMA013','2021-01-29','postponed','pending',30000.00,'2021-09-03'),('SV00092','MLD017','2021-03-12','postponed','complete',181000.00,'2021-04-21'),('SV00092','PD0012','2021-11-11','canceled','canceled',159000.00,'2021-12-28'),('SV00093','CS0034','2021-11-27','enrolled','complete',131000.00,'2021-11-30'),('SV00094','MLD019','2021-11-02','canceled','canceled',191000.00,'2021-12-20'),('SV00094','PD0007','2021-04-14','canceled','canceled',109000.00,'2021-05-26'),('SV00095','CS0008','2021-06-28','enrolled','complete',14000.00,'2021-10-13'),('SV00095','CS0038','2021-09-20','canceled','canceled',158000.00,'2021-12-16'),('SV00096','BMA020','2021-12-03','postponed','complete',59000.00,'2021-12-17'),('SV00096','CS0020','2021-06-08','canceled','canceled',60000.00,'2021-07-22'),('SV00096','CS0025','2021-12-28','postponed','complete',82000.00,'2021-12-31'),('SV00097','BMA029','2021-12-07','postponed','pending',129000.00,'2021-12-29'),('SV00097','MLD005','2021-03-21','postponed','complete',45000.00,'2021-05-07'),('SV00099','BMA021','2021-05-01','postponed','pending',62000.00,'2021-05-11'),('SV00099','EDU003','2021-10-04','postponed','complete',139000.00,'2021-11-01'),('SV00099','ST0003','2021-08-21','postponed','pending',162000.00,'2021-10-22'),('SV00100','BMA032','2021-02-06','enrolled','complete',141000.00,'2021-04-24'),('SV00100','CS0020','2021-09-23','enrolled','complete',60000.00,'2021-12-10'),('SV00100','CS0027','2021-04-27','postponed','complete',85000.00,'2021-08-19'),('SV00101','BMA005','2021-08-23','enrolled','complete',5000.00,'2021-12-03'),('SV00102','CS0021','2021-04-08','canceled','canceled',69000.00,'2021-06-13'),('SV00102','PD0008','2021-01-01','canceled','canceled',111000.00,'2021-08-28'),('SV00102','PD0012','2021-12-23','enrolled','complete',159000.00,'2021-12-26'),('SV00103','BMA018','2021-02-03','enrolled','complete',54000.00,'2021-03-20'),('SV00103','CT0002','2021-03-30','canceled','canceled',33000.00,'2021-09-21'),('SV00103','CT0003','2021-11-26','canceled','canceled',98000.00,'2021-12-29'),('SV00104','BMA013','2021-09-21','postponed','complete',30000.00,'2021-11-03'),('SV00104','CS0026','2021-01-08','enrolled','complete',83000.00,'2021-07-22'),('SV00104','MLD001','2021-05-17','canceled','canceled',1000.00,'2021-11-30'),('SV00105','BMA015','2021-07-18','enrolled','complete',35000.00,'2021-12-13'),('SV00105','CS0001','2021-04-06','enrolled','complete',1000.00,'2021-11-07'),('SV00105','MLD017','2021-10-17','postponed','pending',181000.00,'2021-12-20'),('SV00106','CS0003','2021-12-31','enrolled','complete',3000.00,'2021-12-31'),('SV00106','CT0004','2021-11-21','postponed','pending',138000.00,'2021-11-21'),('SV00107','BMA012','2021-08-21','canceled','canceled',30000.00,'2021-09-02'),('SV00107','SAL001','2021-03-15','postponed','pending',7000.00,'2021-06-02'),('SV00107','SAL004','2021-05-21','postponed','pending',70000.00,'2021-12-13'),('SV00108','AE0001','2021-07-13','canceled','canceled',19000.00,'2021-11-22'),('SV00108','BMA002','2021-05-13','postponed','complete',45000.00,'2021-06-13'),('SV00108','BMA033','2021-07-17','enrolled','complete',148000.00,'2021-09-23'),('SV00108','CS0034','2021-01-06','enrolled','complete',131000.00,'2021-09-07'),('SV00108','ST0002','2021-04-30','postponed','complete',134000.00,'2021-06-16'),('SV00109','BMA036','2021-05-09','canceled','canceled',190000.00,'2021-06-03'),('SV00109','CS0006','2021-08-28','postponed','pending',13000.00,'2021-11-21'),('SV00109','PD0007','2021-04-17','postponed','complete',109000.00,'2021-07-20'),('SV00110','COM001','2021-12-19','enrolled','complete',54000.00,'2021-12-24'),('SV00110','MLD003','2021-02-13','postponed','complete',12000.00,'2021-05-15'),('SV00113','COM001','2021-10-03','canceled','canceled',54000.00,'2021-11-16'),('SV00113','CS0011','2021-10-11','enrolled','complete',30000.00,'2021-10-25'),('SV00113','GOV001','2021-08-16','canceled','canceled',68000.00,'2021-12-12'),('SV00115','AE0001','2021-08-11','enrolled','complete',19000.00,'2021-09-18'),('SV00116','MLD010','2021-03-25','enrolled','complete',98000.00,'2021-10-21'),('SV00116','SAL003','2021-04-19','canceled','canceled',9000.00,'2021-09-21'),('SV00117','IRM001','2021-05-26','canceled','canceled',51000.00,'2021-10-05'),('SV00117','SAL006','2021-03-21','canceled','canceled',127000.00,'2021-09-12'),('SV00118','BMA007','2021-09-24','enrolled','complete',9000.00,'2021-12-04'),('SV00118','CS0001','2021-08-26','postponed','pending',1000.00,'2021-08-30'),('SV00118','GOV002','2021-10-18','canceled','canceled',148000.00,'2021-12-17'),('SV00118','MLD004','2021-07-10','canceled','canceled',25000.00,'2021-12-29'),('SV00119','BMA002','2021-05-31','canceled','canceled',45000.00,'2021-08-08'),('SV00119','CS0016','2021-11-21','enrolled','complete',47000.00,'2021-12-12'),('SV00119','MLD004','2021-03-20','canceled','canceled',25000.00,'2021-07-03'),('SV00119','PD0012','2021-04-30','enrolled','complete',159000.00,'2021-09-15'),('SV00120','CS0035','2021-06-05','postponed','pending',131000.00,'2021-12-26'),('SV00120','CS0038','2021-09-23','enrolled','complete',158000.00,'2021-11-21'),('SV00120','GOV001','2021-09-01','canceled','canceled',68000.00,'2021-11-10'),('SV00120','PD0013','2021-09-13','enrolled','complete',167000.00,'2021-12-28'),('SV00121','MLD008','2021-06-02','postponed','pending',84000.00,'2021-08-19'),('SV00122','CS0012','2021-10-01','enrolled','complete',33000.00,'2021-10-22'),('SV00123','CS0029','2021-04-04','canceled','canceled',95000.00,'2021-11-21'),('SV00123','MLD009','2021-11-21','canceled','canceled',93000.00,'2021-12-17'),('SV00124','BMA026','2021-04-22','canceled','canceled',83000.00,'2021-10-26'),('SV00124','CS0001','2021-08-04','canceled','canceled',1000.00,'2021-12-28'),('SV00124','CS0041','2021-08-25','canceled','canceled',184000.00,'2021-12-31'),('SV00124','CT0001','2021-11-02','canceled','canceled',30000.00,'2021-11-11'),('SV00124','MLD015','2021-09-11','enrolled','complete',152000.00,'2021-10-10'),('SV00124','PD0007','2021-12-03','canceled','canceled',109000.00,'2021-12-06'),('SV00125','BMA035','2021-01-25','postponed','pending',163000.00,'2021-02-18'),('SV00125','CS0011','2021-02-22','canceled','canceled',30000.00,'2021-04-13'),('SV00125','EDU004','2021-10-29','enrolled','complete',195000.00,'2021-11-23'),('SV00125','PD0004','2021-10-26','postponed','pending',44000.00,'2021-12-24'),('SV00126','CS0030','2021-09-14','postponed','complete',96000.00,'2021-12-22'),('SV00126','MLD014','2021-12-04','canceled','canceled',130000.00,'2021-12-12'),('SV00127','MLD007','2021-09-09','postponed','complete',82000.00,'2021-10-20'),('SV00127','MLD015','2021-08-13','canceled','canceled',152000.00,'2021-09-08'),('SV00128','BMA022','2021-05-20','postponed','complete',70000.00,'2021-06-08'),('SV00129','BMA024','2021-05-05','enrolled','complete',81000.00,'2021-08-07'),('SV00129','BMA029','2021-02-12','enrolled','complete',129000.00,'2021-11-05'),('SV00129','GOV001','2021-02-18','enrolled','complete',68000.00,'2021-07-16'),('SV00129','MLD021','2021-05-20','enrolled','complete',198000.00,'2021-11-17'),('SV00129','PD0006','2021-10-19','enrolled','complete',74000.00,'2021-10-29'),('SV00130','AE0003','2021-07-03','enrolled','complete',64000.00,'2021-09-05'),('SV00131','CS0029','2021-07-11','postponed','pending',95000.00,'2021-08-07'),('SV00132','BMA022','2021-04-12','canceled','canceled',70000.00,'2021-05-01'),('SV00134','CS0021','2021-08-24','postponed','complete',69000.00,'2021-08-24'),('SV00134','SAL009','2021-04-27','enrolled','complete',158000.00,'2021-06-14'),('SV00135','AE0001','2021-07-09','postponed','complete',19000.00,'2021-12-09'),('SV00136','PD0001','2021-05-16','postponed','pending',30000.00,'2021-06-03'),('SV00137','COM001','2021-09-28','canceled','canceled',54000.00,'2021-11-04'),('SV00137','CS0004','2021-02-06','canceled','canceled',5000.00,'2021-08-18'),('SV00137','CS0020','2021-04-11','postponed','pending',60000.00,'2021-08-22'),('SV00137','HM001','2021-06-18','postponed','pending',78000.00,'2021-07-16'),('SV00137','SAL002','2021-03-12','enrolled','complete',8000.00,'2021-12-15'),('SV00138','BMA029','2021-12-26','canceled','canceled',129000.00,'2021-12-27'),('SV00138','CS0041','2021-02-22','enrolled','complete',184000.00,'2021-03-18'),('SV00138','MLD008','2021-05-26','enrolled','complete',84000.00,'2021-09-23'),('SV00138','SAL008','2021-06-29','postponed','complete',152000.00,'2021-10-09'),('SV00142','PD0004','2021-11-29','enrolled','complete',44000.00,'2021-12-28'),('SV00144','BMA034','2021-05-03','enrolled','complete',149000.00,'2021-09-15'),('SV00144','CS0014','2021-06-28','canceled','canceled',40000.00,'2021-07-17'),('SV00144','MLD016','2021-03-14','canceled','canceled',176000.00,'2021-09-05'),('SV00145','SAL007','2021-04-11','enrolled','complete',137000.00,'2021-09-21'),('SV00145','ST0002','2021-08-20','postponed','complete',134000.00,'2021-10-27'),('SV00146','BMA038','2021-12-18','canceled','canceled',199000.00,'2021-12-25'),('SV00146','CAS001','2021-12-29','enrolled','complete',70000.00,'2021-12-31'),('SV00146','CS0008','2021-01-29','enrolled','complete',14000.00,'2021-05-07'),('SV00146','IRM001','2021-08-05','postponed','pending',51000.00,'2021-10-30'),('SV00146','ST0001','2021-05-15','canceled','canceled',88000.00,'2021-11-23'),('SV00147','CS0040','2021-08-18','canceled','canceled',177000.00,'2021-11-26'),('SV00147','EDU001','2021-08-19','enrolled','complete',88000.00,'2021-11-04'),('SV00147','EDU003','2021-01-09','postponed','pending',139000.00,'2021-03-19'),('SV00148','CS0022','2021-01-31','postponed','complete',77000.00,'2021-10-06'),('SV00149','BMA006','2021-12-08','enrolled','complete',9000.00,'2021-12-25'),('SV00149','CS0016','2021-08-05','postponed','complete',47000.00,'2021-08-10'),('SV00150','BMA009','2021-10-21','postponed','complete',13000.00,'2021-11-12'),('SV00150','CS0006','2021-10-31','canceled','canceled',13000.00,'2021-11-05'),('SV00151','BMA019','2021-02-11','enrolled','complete',58000.00,'2021-10-19'),('SV00151','MLD012','2021-11-22','canceled','canceled',128000.00,'2021-12-03'),('SV00152','BMA010','2021-04-02','canceled','canceled',15000.00,'2021-12-15'),('SV00152','MLD001','2021-04-06','enrolled','complete',1000.00,'2021-11-09'),('SV00152','MLD009','2021-10-08','postponed','pending',93000.00,'2021-10-08'),('SV00153','BMA022','2021-06-10','canceled','canceled',70000.00,'2021-08-11'),('SV00153','BMA031','2021-07-03','enrolled','complete',140000.00,'2021-12-06'),('SV00153','CS0023','2021-12-29','enrolled','complete',80000.00,'2021-12-31'),('SV00153','PD0004','2021-12-04','enrolled','complete',44000.00,'2021-12-27'),('SV00155','BMA001','2021-08-30','postponed','pending',1000.00,'2021-09-05'),('SV00155','BMA003','2021-03-21','postponed','complete',2000.00,'2021-11-25'),('SV00155','BMA022','2021-01-28','canceled','canceled',70000.00,'2021-10-09'),('SV00155','HM001','2021-09-11','postponed','complete',78000.00,'2021-11-06'),('SV00156','BMA007','2021-03-22','canceled','canceled',9000.00,'2021-03-29'),('SV00156','BMA033','2021-06-05','postponed','complete',148000.00,'2021-11-30'),('SV00156','MLD011','2021-08-01','canceled','canceled',120000.00,'2021-08-02'),('SV00156','SAL009','2021-01-14','postponed','complete',158000.00,'2021-02-28'),('SV00157','BMA025','2021-10-05','enrolled','complete',81000.00,'2021-11-03'),('SV00157','CS0021','2021-11-14','enrolled','complete',69000.00,'2021-12-28'),('SV00157','SAL007','2021-01-19','canceled','canceled',137000.00,'2021-05-09'),('SV00158','CS0039','2021-04-06','enrolled','complete',162000.00,'2021-08-04'),('SV00159','BMA015','2021-02-22','canceled','canceled',35000.00,'2021-08-14'),('SV00160','BMA037','2021-11-19','postponed','pending',192000.00,'2021-11-20'),('SV00160','CS0006','2021-05-30','postponed','complete',13000.00,'2021-11-16'),('SV00160','CS0033','2021-09-12','enrolled','complete',123000.00,'2021-10-09'),('SV00161','CS0033','2021-11-25','postponed','pending',123000.00,'2021-12-07'),('SV00161','CS0037','2021-04-04','canceled','canceled',158000.00,'2021-12-30'),('SV00162','CS0020','2021-12-20','enrolled','complete',60000.00,'2021-12-25'),('SV00162','PD0013','2021-11-04','enrolled','complete',167000.00,'2021-12-19'),('SV00162','SAL006','2021-07-11','enrolled','complete',127000.00,'2021-10-25'),('SV00163','MLD007','2021-01-03','postponed','pending',82000.00,'2021-03-20'),('SV00163','MLD009','2021-07-09','postponed','pending',93000.00,'2021-07-15'),('SV00163','PD0008','2021-10-31','postponed','complete',111000.00,'2021-11-03'),('SV00164','CT0003','2021-02-04','postponed','complete',98000.00,'2021-09-30'),('SV00165','BMA001','2021-06-19','enrolled','complete',1000.00,'2021-09-09'),('SV00165','CS0016','2021-05-21','canceled','canceled',47000.00,'2021-09-04'),('SV00165','CS0035','2021-06-09','enrolled','complete',131000.00,'2021-09-02'),('SV00165','PD0004','2021-07-07','enrolled','complete',44000.00,'2021-09-25'),('SV00165','PD0009','2021-10-05','postponed','complete',145000.00,'2021-12-21'),('SV00166','BMA035','2021-01-17','postponed','complete',163000.00,'2021-02-12'),('SV00167','BMA007','2021-06-04','enrolled','complete',9000.00,'2021-11-02'),('SV00167','CS0006','2021-05-22','canceled','canceled',13000.00,'2021-12-04'),('SV00168','AE0003','2021-08-19','enrolled','complete',64000.00,'2021-09-23'),('SV00168','CS0033','2021-05-05','postponed','pending',123000.00,'2021-10-07'),('SV00169','BMA030','2021-10-23','enrolled','complete',137000.00,'2021-12-08'),('SV00169','CS0024','2021-12-20','enrolled','complete',80000.00,'2021-12-29'),('SV00170','BMA015','2021-01-13','postponed','pending',35000.00,'2021-06-09'),('SV00170','BMA025','2021-01-14','canceled','canceled',81000.00,'2021-08-03'),('SV00170','BMA026','2021-03-13','postponed','complete',83000.00,'2021-07-13'),('SV00170','CS0018','2021-05-01','enrolled','complete',54000.00,'2021-10-05'),('SV00170','EDU001','2021-03-14','canceled','canceled',88000.00,'2021-10-23'),('SV00172','MLD010','2021-10-03','canceled','canceled',98000.00,'2021-12-25'),('SV00172','MLD021','2021-11-10','postponed','pending',198000.00,'2021-12-31'),('SV00173','ACE001','2021-01-22','enrolled','complete',170000.00,'2021-06-26'),('SV00173','BMA016','2021-02-17','canceled','canceled',43000.00,'2021-03-28'),('SV00173','ST0003','2021-03-03','canceled','canceled',162000.00,'2021-10-23'),('SV00175','BMA022','2021-02-25','canceled','canceled',70000.00,'2021-06-16'),('SV00175','BMA027','2021-08-10','postponed','pending',94000.00,'2021-12-06'),('SV00175','CS0014','2021-12-05','canceled','canceled',40000.00,'2021-12-12'),('SV00175','MLD012','2021-08-26','canceled','canceled',128000.00,'2021-11-29'),('SV00176','CT0001','2021-07-20','postponed','complete',30000.00,'2021-08-16'),('SV00176','MLD017','2021-07-13','postponed','complete',181000.00,'2021-11-20');
/*!40000 ALTER TABLE `enrolls_info` ENABLE KEYS */;
UNLOCK TABLES;

--
-- Dumping data for table `field`
--

LOCK TABLES `field` WRITE;
/*!40000 ALTER TABLE `field` DISABLE KEYS */;
INSERT INTO `field` VALUES ('ACE0','Arts, culture and entertainment'),('AE00','Architecture and engineering'),('BMA0','Business, management and administration'),('CAS0','Community and social services'),('COM0','Communications'),('CS00','Computer Science'),('CT00','Cloud and Tech'),('EDU0','Education'),('FFF0','Farming, fishing and forestry'),('GOV0','Government'),('HM00','Health and medicine'),('IRM0','Installation, repair and maintenance'),('LANG','Languages'),('LPP0','Law and public policy'),('MLD0','Math, Logic and Data science'),('PD00','Personal development'),('PSA0','Physical science and Astronomy'),('SAL0','Sales'),('ST0','Science and technology');
/*!40000 ALTER TABLE `field` ENABLE KEYS */;
UNLOCK TABLES;

--
-- Dumping data for table `learner`
--

LOCK TABLES `learner` WRITE;
/*!40000 ALTER TABLE `learner` DISABLE KEYS */;
INSERT INTO `learner` VALUES ('SV00001','2021-09-21','HT00110'),('SV00002','2021-05-17','HT00078'),('SV00003','2021-09-25','HT00014'),('SV00004','2021-09-06','HT00036'),('SV00005','2021-12-19','HT00075'),('SV00006','2021-08-05','HT00050'),('SV00007','2021-08-02','HT00067'),('SV00008','2021-10-25','HT00055'),('SV00009','2021-11-07','HT00133'),('SV00010','2021-02-27','HT00065'),('SV00011','2021-12-24','HT00063'),('SV00012','2021-09-15','HT00020'),('SV00013','2021-01-29','HT00043'),('SV00014','2021-11-25','HT00001'),('SV00015','2021-07-04','HT00027'),('SV00016','2021-10-31','HT00022'),('SV00017','2021-08-19','HT00131'),('SV00018','2021-02-10','HT00096'),('SV00019','2021-08-20','HT00017'),('SV00020','2021-04-08','HT00131'),('SV00021','2021-06-26','HT00007'),('SV00022','2021-06-25','HT00099'),('SV00023','2021-07-26','HT00131'),('SV00024','2021-12-08','HT00115'),('SV00025','2021-04-08','HT00137'),('SV00026','2021-08-03','HT00108'),('SV00027','2021-06-08','HT00100'),('SV00028','2021-08-12','HT00123'),('SV00029','2021-09-15','HT00123'),('SV00030','2021-05-11','HT00051'),('SV00031','2021-04-05','HT00132'),('SV00032','2021-12-20','HT00060'),('SV00033','2021-07-12','HT00060'),('SV00034','2021-06-17','HT00083'),('SV00035','2021-01-24','HT00120'),('SV00036','2021-07-16','HT00063'),('SV00037','2021-10-16','HT00068'),('SV00038','2021-01-20','HT00087'),('SV00039','2021-03-04','HT00021'),('SV00040','2021-12-05','HT00032'),('SV00041','2021-02-03','HT00045'),('SV00042','2021-01-20','HT00032'),('SV00043','2021-01-28','HT00005'),('SV00044','2021-03-26','HT00102'),('SV00045','2021-02-17','HT00073'),('SV00046','2021-10-09','HT00018'),('SV00047','2021-02-25','HT00035'),('SV00048','2021-10-23','HT00042'),('SV00049','2021-12-11','HT00080'),('SV00050','2021-07-15','HT00101'),('SV00051','2021-01-08','HT00001'),('SV00052','2021-03-04','HT00085'),('SV00053','2021-08-24','HT00036'),('SV00054','2021-03-21','HT00025'),('SV00055','2021-05-07','HT00110'),('SV00056','2021-09-18','HT00091'),('SV00057','2021-07-02','HT00020'),('SV00058','2021-01-27','HT00098'),('SV00059','2021-09-16','HT00024'),('SV00060','2021-09-09','HT00076'),('SV00061','2021-08-01','HT00081'),('SV00062','2021-04-24','HT00029'),('SV00063','2021-12-02','HT00089'),('SV00064','2021-03-01','HT00031'),('SV00065','2021-10-13','HT00110'),('SV00066','2021-08-01','HT00092'),('SV00067','2021-12-30','HT00035'),('SV00068','2021-11-22','HT00109'),('SV00069','2021-03-07','HT00042'),('SV00070','2021-12-10','HT00053'),('SV00071','2021-08-19','HT00002'),('SV00072','2021-01-21','HT00126'),('SV00073','2021-12-31','HT00024'),('SV00074','2021-03-06','HT00004'),('SV00075','2021-01-04','HT00033'),('SV00076','2021-04-16','HT00012'),('SV00077','2021-11-22','HT00094'),('SV00078','2021-02-15','HT00120'),('SV00079','2021-11-23','HT00065'),('SV00080','2021-01-27','HT00048'),('SV00081','2021-08-06','HT00089'),('SV00082','2021-06-25','HT00005'),('SV00083','2021-03-14','HT00136'),('SV00084','2021-10-27','HT00125'),('SV00085','2021-02-05','HT00026'),('SV00086','2021-03-02','HT00089'),('SV00087','2021-07-27','HT00061'),('SV00088','2021-12-01','HT00079'),('SV00089','2021-08-25','HT00129'),('SV00090','2021-07-03','HT00094'),('SV00091','2021-12-07','HT00013'),('SV00092','2021-04-10','HT00029'),('SV00093','2021-03-14','HT00025'),('SV00094','2021-07-22','HT00005'),('SV00095','2021-11-01','HT00117'),('SV00096','2021-06-27','HT00125'),('SV00097','2021-08-31','HT00074'),('SV00098','2021-03-30','HT00040'),('SV00099','2021-06-07','HT00100'),('SV00100','2021-04-11','HT00132'),('SV00101','2021-10-13','HT00032'),('SV00102','2021-12-08','HT00077'),('SV00103','2021-09-22','HT00034'),('SV00104','2021-03-14','HT00006'),('SV00105','2021-07-18','HT00015'),('SV00106','2021-11-15','HT00121'),('SV00107','2021-10-06','HT00088'),('SV00108','2021-09-26','HT00044'),('SV00109','2021-10-21','HT00081'),('SV00110','2021-07-21','HT00094'),('SV00111','2021-09-03','HT00015'),('SV00112','2021-05-07','HT00091'),('SV00113','2021-06-02','HT00105'),('SV00114','2021-05-01','HT00115'),('SV00115','2021-03-20','HT00069'),('SV00116','2021-07-30','HT00121'),('SV00117','2021-07-13','HT00131'),('SV00118','2021-03-18','HT00046'),('SV00119','2021-03-30','HT00080'),('SV00120','2021-03-04','HT00062'),('SV00121','2021-10-28','HT00026'),('SV00122','2021-05-13','HT00040'),('SV00123','2021-01-30','HT00030'),('SV00124','2021-06-21','HT00052'),('SV00125','2021-12-29','HT00052'),('SV00126','2021-01-30','HT00052'),('SV00127','2021-05-05','HT00128'),('SV00128','2021-06-11','HT00017'),('SV00129','2021-10-09','HT00070'),('SV00130','2021-02-20','HT00062'),('SV00131','2021-01-04','HT00136'),('SV00132','2021-07-11','HT00054'),('SV00133','2021-09-07','HT00117'),('SV00134','2021-04-11','HT00099'),('SV00135','2021-03-19','HT00101'),('SV00136','2021-07-04','HT00118'),('SV00137','2021-08-01','HT00065'),('SV00138','2021-08-17','HT00137'),('SV00139','2021-08-13','HT00080'),('SV00140','2021-11-15','HT00061'),('SV00141','2021-11-22','HT00109'),('SV00142','2021-07-08','HT00041'),('SV00143','2021-12-16','HT00115'),('SV00144','2021-03-08','HT00070'),('SV00145','2021-03-22','HT00038'),('SV00146','2021-06-19','HT00046'),('SV00147','2021-01-08','HT00082'),('SV00148','2021-09-16','HT00038'),('SV00149','2021-04-16','HT00077'),('SV00150','2021-02-04','HT00048'),('SV00151','2021-03-09','HT00126'),('SV00152','2021-06-24','HT00030'),('SV00153','2021-08-24','HT00074'),('SV00154','2021-08-20','HT00120'),('SV00155','2021-04-02','HT00128'),('SV00156','2021-06-02','HT00073'),('SV00157','2021-01-14','HT00092'),('SV00158','2021-03-30','HT00020'),('SV00159','2021-07-05','HT00008'),('SV00160','2021-08-22','HT00047'),('SV00161','2021-08-06','HT00116'),('SV00162','2021-05-16','HT00111'),('SV00163','2021-01-09','HT00069'),('SV00164','2021-08-30','HT00025'),('SV00165','2021-08-06','HT00123'),('SV00166','2021-12-14','HT00025'),('SV00167','2021-03-23','HT00045'),('SV00168','2021-11-28','HT00096'),('SV00169','2021-04-25','HT00102'),('SV00170','2021-04-29','HT00123'),('SV00171','2021-04-21','HT00045'),('SV00172','2021-12-03','HT00097'),('SV00173','2021-06-24','HT00047'),('SV00174','2021-02-13','HT00103'),('SV00175','2021-08-19','HT00017'),('SV00176','2021-01-10','HT00071');
/*!40000 ALTER TABLE `learner` ENABLE KEYS */;
UNLOCK TABLES;

--
-- Dumping data for table `lecturer`
--

LOCK TABLES `lecturer` WRITE;
/*!40000 ALTER TABLE `lecturer` DISABLE KEYS */;
INSERT INTO `lecturer` VALUES ('GV00001',14000000),('GV00002',5800000),('GV00003',8900000),('GV00004',12300000),('GV00005',4000000),('GV00006',13300000),('GV00007',14200000),('GV00008',7700000),('GV00009',11700000),('GV00010',9400000),('GV00011',10600000),('GV00012',2100000),('GV00013',2800000),('GV00014',1500000),('GV00015',12200000),('GV00016',12800000),('GV00017',800000),('GV00018',7400000),('GV00019',8000000),('GV00020',3300000),('GV00021',13300000),('GV00022',500000),('GV00023',1100000),('GV00024',6500000),('GV00025',10800000),('GV00026',10000000),('GV00027',8200000),('GV00028',15000000),('GV00029',8800000),('GV00030',4600000),('GV00031',10900000),('GV00032',14600000),('GV00033',12100000),('GV00034',13100000),('GV00035',13900000),('GV00036',3500000),('GV00037',10400000),('GV00038',2800000),('GV00039',8900000),('GV00040',3500000),('GV00041',5700000),('GV00042',4100000),('GV00043',9500000),('GV00044',5700000),('GV00045',10300000),('GV00046',1400000),('GV00047',13900000),('GV00048',9500000),('GV00049',6200000),('GV00050',5700000),('GV00051',7000000),('GV00052',1700000),('GV00053',7400000),('GV00054',11200000),('GV00055',8600000),('GV00056',6600000),('GV00057',4300000),('GV00058',7200000),('GV00059',9000000),('GV00060',1900000),('GV00061',12100000),('GV00062',9000000),('GV00063',4500000),('GV00064',12900000),('GV00065',8100000),('GV00066',7700000),('GV00067',14600000),('GV00068',4900000),('GV00069',7100000),('GV00070',5100000),('GV00071',4000000),('GV00072',2200000),('GV00073',4700000),('GV00074',3300000),('GV00075',7400000),('GV00076',3500000),('GV00077',5900000),('GV00078',12900000),('GV00079',7300000),('GV00080',7200000),('GV00081',4400000),('GV00082',10700000),('GV00083',10300000),('GV00084',1000000),('GV00085',900000),('GV00086',8300000),('GV00087',9900000),('GV00088',11200000),('GV00089',2000000),('GV00090',6300000),('GV00091',1100000),('GV00092',7500000),('GV00093',6900000),('GV00094',8100000),('GV00095',14800000),('GV00096',9400000),('GV00097',800000),('GV00098',3500000),('GV00099',2700000),('GV00100',500000),('GV00101',10500000),('GV00102',2600000),('GV00103',14300000),('GV00104',6500000),('GV00105',4900000),('GV00106',6900000),('GV00107',8900000),('GV00108',7900000),('GV00109',7900000),('GV00110',7600000),('GV00111',10500000),('GV00112',2300000),('GV00113',4000000),('GV00114',9000000),('GV00115',8800000),('GV00116',3400000),('GV00117',3700000),('GV00118',2500000),('GV00119',2600000),('GV00120',10000000),('GV00121',3000000),('GV00122',900000),('GV00123',6600000),('GV00124',14400000),('GV00125',12800000),('GV00126',5500000),('GV00127',11600000),('GV00128',6100000),('GV00129',2200000),('GV00130',6000000),('GV00131',12600000),('GV00132',3600000),('GV00133',6900000),('GV00134',3200000),('GV00135',14300000),('GV00136',10200000),('GV00137',10400000),('GV00138',12600000),('GV00139',14900000),('GV00140',8900000),('GV00141',3700000),('GV00142',8700000),('GV00143',5400000),('GV00144',6800000),('GV00145',6100000),('GV00146',12600000),('GV00147',4600000),('GV00148',11000000),('GV00149',6300000),('GV00150',10900000);
/*!40000 ALTER TABLE `lecturer` ENABLE KEYS */;
UNLOCK TABLES;

--
-- Dumping data for table `prerequires`
--

LOCK TABLES `prerequires` WRITE;
/*!40000 ALTER TABLE `prerequires` DISABLE KEYS */;
INSERT INTO `prerequires` VALUES ('BMA031','BMA001'),('BMA008','BMA004'),('BMA026','BMA009'),('BMA034','BMA011'),('BMA018','BMA014'),('BMA005','BMA015'),('BMA019','BMA018'),('BMA021','BMA019'),('BMA004','BMA021'),('BMA032','BMA022'),('BMA030','BMA025'),('BMA034','BMA028'),('BMA024','BMA030'),('BMA035','BMA031'),('BMA025','BMA036'),('BMA021','BMA038'),('CAS001','CAS002'),('CS0012','CS0002'),('CS0031','CS0008'),('CS0003','CS0009'),('CS0005','CS0010'),('CS0010','CS0011'),('CS0035','CS0012'),('CS0014','CS0023'),('CS0035','CS0028'),('CS0035','CS0032'),('CS0003','CS0038'),('CS0014','CS0038'),('CS0018','CS0040'),('CT0002','CT0001'),('CT0003','CT0001'),('CT0001','CT0003'),('MLD011','MLD005'),('MLD012','MLD005'),('MLD003','MLD006'),('MLD009','MLD008'),('MLD009','MLD010'),('MLD003','MLD012'),('MLD005','MLD016'),('PD0008','PD0001'),('PD0008','PD0002'),('PD0012','PD0009'),('PD0007','PD0012'),('PD0011','PD0012'),('SAL002','SAL001'),('SAL006','SAL003'),('SAL001','SAL005'),('SAL002','SAL005'),('SAL008','SAL006');
/*!40000 ALTER TABLE `prerequires` ENABLE KEYS */;
UNLOCK TABLES;

--
-- Dumping data for table `rates`
--

LOCK TABLES `rates` WRITE;
/*!40000 ALTER TABLE `rates` DISABLE KEYS */;
INSERT INTO `rates` VALUES ('SV00024','ACE001'),('SV00036','ACE001'),('SV00173','ACE001'),('SV00074','AE0001'),('SV00108','AE0001'),('SV00115','AE0001'),('SV00135','AE0001'),('SV00032','AE0002'),('SV00005','AE0003'),('SV00065','AE0003'),('SV00075','AE0003'),('SV00130','AE0003'),('SV00168','AE0003'),('SV00155','BMA001'),('SV00165','BMA001'),('SV00066','BMA002'),('SV00108','BMA002'),('SV00119','BMA002'),('SV00023','BMA003'),('SV00026','BMA003'),('SV00074','BMA003'),('SV00155','BMA003'),('SV00034','BMA004'),('SV00057','BMA004'),('SV00007','BMA005'),('SV00091','BMA005'),('SV00101','BMA005'),('SV00041','BMA006'),('SV00149','BMA006'),('SV00065','BMA007'),('SV00071','BMA007'),('SV00089','BMA007'),('SV00118','BMA007'),('SV00156','BMA007'),('SV00167','BMA007'),('SV00033','BMA008'),('SV00066','BMA008'),('SV00001','BMA009'),('SV00050','BMA009'),('SV00150','BMA009'),('SV00052','BMA010'),('SV00152','BMA010'),('SV00087','BMA012'),('SV00107','BMA012'),('SV00012','BMA013'),('SV00092','BMA013'),('SV00104','BMA013'),('SV00083','BMA014'),('SV00090','BMA014'),('SV00012','BMA015'),('SV00105','BMA015'),('SV00159','BMA015'),('SV00170','BMA015'),('SV00057','BMA016'),('SV00173','BMA016'),('SV00045','BMA017'),('SV00071','BMA017'),('SV00029','BMA018'),('SV00103','BMA018'),('SV00028','BMA019'),('SV00044','BMA019'),('SV00151','BMA019'),('SV00012','BMA020'),('SV00055','BMA020'),('SV00096','BMA020'),('SV00045','BMA021'),('SV00099','BMA021'),('SV00128','BMA022'),('SV00132','BMA022'),('SV00153','BMA022'),('SV00155','BMA022'),('SV00175','BMA022'),('SV00026','BMA023'),('SV00032','BMA023'),('SV00037','BMA024'),('SV00067','BMA024'),('SV00129','BMA024'),('SV00041','BMA025'),('SV00157','BMA025'),('SV00170','BMA025'),('SV00021','BMA026'),('SV00124','BMA026'),('SV00170','BMA026'),('SV00055','BMA027'),('SV00071','BMA027'),('SV00175','BMA027'),('SV00019','BMA028'),('SV00060','BMA028'),('SV00070','BMA028'),('SV00078','BMA029'),('SV00097','BMA029'),('SV00129','BMA029'),('SV00138','BMA029'),('SV00169','BMA030'),('SV00088','BMA031'),('SV00153','BMA031'),('SV00011','BMA032'),('SV00089','BMA032'),('SV00100','BMA032'),('SV00078','BMA033'),('SV00108','BMA033'),('SV00156','BMA033'),('SV00087','BMA034'),('SV00144','BMA034'),('SV00070','BMA035'),('SV00125','BMA035'),('SV00166','BMA035'),('SV00006','BMA036'),('SV00038','BMA036'),('SV00109','BMA036'),('SV00160','BMA037'),('SV00033','BMA038'),('SV00146','BMA038'),('SV00039','CAS001'),('SV00044','CAS001'),('SV00146','CAS001'),('SV00011','COM001'),('SV00033','COM001'),('SV00048','COM001'),('SV00110','COM001'),('SV00113','COM001'),('SV00137','COM001'),('SV00062','CS0001'),('SV00063','CS0001'),('SV00105','CS0001'),('SV00118','CS0001'),('SV00124','CS0001'),('SV00106','CS0003'),('SV00035','CS0004'),('SV00137','CS0004'),('SV00089','CS0005'),('SV00070','CS0006'),('SV00109','CS0006'),('SV00150','CS0006'),('SV00160','CS0006'),('SV00167','CS0006'),('SV00035','CS0008'),('SV00046','CS0008'),('SV00074','CS0008'),('SV00095','CS0008'),('SV00146','CS0008'),('SV00049','CS0009'),('SV00075','CS0009'),('SV00054','CS0010'),('SV00008','CS0011'),('SV00036','CS0011'),('SV00113','CS0011'),('SV00125','CS0011'),('SV00030','CS0012'),('SV00090','CS0012'),('SV00122','CS0012'),('SV00027','CS0013'),('SV00054','CS0014'),('SV00144','CS0014'),('SV00175','CS0014'),('SV00062','CS0015'),('SV00084','CS0015'),('SV00010','CS0016'),('SV00071','CS0016'),('SV00074','CS0016'),('SV00119','CS0016'),('SV00149','CS0016'),('SV00165','CS0016'),('SV00016','CS0017'),('SV00028','CS0017'),('SV00034','CS0017'),('SV00057','CS0017'),('SV00170','CS0018'),('SV00031','CS0020'),('SV00069','CS0020'),('SV00096','CS0020'),('SV00100','CS0020'),('SV00137','CS0020'),('SV00162','CS0020'),('SV00020','CS0021'),('SV00102','CS0021'),('SV00134','CS0021'),('SV00157','CS0021'),('SV00079','CS0022'),('SV00148','CS0022'),('SV00024','CS0023'),('SV00034','CS0023'),('SV00041','CS0023'),('SV00076','CS0023'),('SV00153','CS0023'),('SV00009','CS0024'),('SV00169','CS0024'),('SV00096','CS0025'),('SV00083','CS0026'),('SV00104','CS0026'),('SV00065','CS0027'),('SV00100','CS0027'),('SV00002','CS0028'),('SV00034','CS0028'),('SV00054','CS0028'),('SV00021','CS0029'),('SV00082','CS0029'),('SV00086','CS0029'),('SV00123','CS0029'),('SV00131','CS0029'),('SV00020','CS0030'),('SV00126','CS0030'),('SV00020','CS0031'),('SV00057','CS0032'),('SV00076','CS0033'),('SV00160','CS0033'),('SV00161','CS0033'),('SV00168','CS0033'),('SV00041','CS0034'),('SV00093','CS0034'),('SV00108','CS0034'),('SV00042','CS0035'),('SV00120','CS0035'),('SV00165','CS0035'),('SV00001','CS0037'),('SV00037','CS0037'),('SV00043','CS0037'),('SV00071','CS0037'),('SV00161','CS0037'),('SV00057','CS0038'),('SV00086','CS0038'),('SV00095','CS0038'),('SV00120','CS0038'),('SV00010','CS0039'),('SV00021','CS0039'),('SV00158','CS0039'),('SV00073','CS0040'),('SV00147','CS0040'),('SV00001','CS0041'),('SV00066','CS0041'),('SV00124','CS0041'),('SV00138','CS0041'),('SV00029','CT0001'),('SV00061','CT0001'),('SV00124','CT0001'),('SV00176','CT0001'),('SV00072','CT0002'),('SV00103','CT0002'),('SV00053','CT0003'),('SV00103','CT0003'),('SV00164','CT0003'),('SV00058','CT0004'),('SV00070','CT0004'),('SV00106','CT0004'),('SV00068','EDU001'),('SV00147','EDU001'),('SV00170','EDU001'),('SV00027','EDU002'),('SV00091','EDU002'),('SV00004','EDU003'),('SV00029','EDU003'),('SV00076','EDU003'),('SV00099','EDU003'),('SV00147','EDU003'),('SV00125','EDU004'),('SV00049','GOV001'),('SV00055','GOV001'),('SV00113','GOV001'),('SV00120','GOV001'),('SV00129','GOV001'),('SV00079','GOV002'),('SV00118','GOV002'),('SV00003','HM001'),('SV00017','HM001'),('SV00074','HM001'),('SV00137','HM001'),('SV00155','HM001'),('SV00077','IRM001'),('SV00117','IRM001'),('SV00146','IRM001'),('SV00029','MLD001'),('SV00032','MLD001'),('SV00104','MLD001'),('SV00152','MLD001'),('SV00074','MLD002'),('SV00079','MLD003'),('SV00084','MLD003'),('SV00110','MLD003'),('SV00069','MLD004'),('SV00089','MLD004'),('SV00118','MLD004'),('SV00119','MLD004'),('SV00001','MLD005'),('SV00044','MLD005'),('SV00097','MLD005'),('SV00127','MLD007'),('SV00163','MLD007'),('SV00027','MLD008'),('SV00031','MLD008'),('SV00049','MLD008'),('SV00121','MLD008'),('SV00138','MLD008'),('SV00061','MLD009'),('SV00077','MLD009'),('SV00123','MLD009'),('SV00152','MLD009'),('SV00163','MLD009'),('SV00042','MLD010'),('SV00116','MLD010'),('SV00172','MLD010'),('SV00036','MLD011'),('SV00052','MLD011'),('SV00156','MLD011'),('SV00151','MLD012'),('SV00175','MLD012'),('SV00032','MLD014'),('SV00057','MLD014'),('SV00085','MLD014'),('SV00126','MLD014'),('SV00058','MLD015'),('SV00087','MLD015'),('SV00124','MLD015'),('SV00127','MLD015'),('SV00032','MLD016'),('SV00144','MLD016'),('SV00032','MLD017'),('SV00092','MLD017'),('SV00105','MLD017'),('SV00176','MLD017'),('SV00012','MLD019'),('SV00080','MLD019'),('SV00094','MLD019'),('SV00010','MLD020'),('SV00062','MLD020'),('SV00129','MLD021'),('SV00172','MLD021'),('SV00136','PD0001'),('SV00016','PD0002'),('SV00070','PD0002'),('SV00083','PD0002'),('SV00075','PD0003'),('SV00012','PD0004'),('SV00125','PD0004'),('SV00142','PD0004'),('SV00153','PD0004'),('SV00165','PD0004'),('SV00015','PD0005'),('SV00069','PD0005'),('SV00050','PD0006'),('SV00084','PD0006'),('SV00089','PD0006'),('SV00129','PD0006'),('SV00091','PD0007'),('SV00094','PD0007'),('SV00109','PD0007'),('SV00124','PD0007'),('SV00027','PD0008'),('SV00102','PD0008'),('SV00163','PD0008'),('SV00053','PD0009'),('SV00165','PD0009'),('SV00014','PD0011'),('SV00022','PD0011'),('SV00055','PD0011'),('SV00073','PD0012'),('SV00092','PD0012'),('SV00102','PD0012'),('SV00119','PD0012'),('SV00120','PD0013'),('SV00162','PD0013'),('SV00023','SAL001'),('SV00033','SAL001'),('SV00049','SAL001'),('SV00059','SAL001'),('SV00107','SAL001'),('SV00137','SAL002'),('SV00116','SAL003'),('SV00107','SAL004'),('SV00048','SAL005'),('SV00019','SAL006'),('SV00117','SAL006'),('SV00162','SAL006'),('SV00010','SAL007'),('SV00145','SAL007'),('SV00157','SAL007'),('SV00138','SAL008'),('SV00040','SAL009'),('SV00059','SAL009'),('SV00079','SAL009'),('SV00134','SAL009'),('SV00156','SAL009'),('SV00048','ST0001'),('SV00146','ST0001'),('SV00061','ST0002'),('SV00080','ST0002'),('SV00108','ST0002'),('SV00145','ST0002'),('SV00054','ST0003'),('SV00099','ST0003'),('SV00173','ST0003');
/*!40000 ALTER TABLE `rates` ENABLE KEYS */;
UNLOCK TABLES;

--
-- Dumping data for table `support_session`
--

LOCK TABLES `support_session` WRITE;
/*!40000 ALTER TABLE `support_session` DISABLE KEYS */;
INSERT INTO `support_session` VALUES ('SV00001','2021-04-28 00:00:00','2021-04-28 00:00:00','course cancellation'),('SV00002','2021-01-16 00:00:00','2021-01-26 00:00:00','course suggestion'),('SV00003','2021-06-16 00:00:00','2021-06-22 00:00:00','account'),('SV00003','2021-07-03 00:00:00','2021-07-17 00:00:00','coupon'),('SV00003','2021-08-22 00:00:00','2021-08-24 00:00:00','account'),('SV00003','2021-09-07 00:00:00','2021-09-21 00:00:00','course review'),('SV00003','2021-12-09 00:00:00','2021-12-16 00:00:00','lecturers\' information'),('SV00004','2021-02-21 00:00:00','2021-02-25 00:00:00','tuition fee'),('SV00004','2021-04-07 00:00:00','2021-04-11 00:00:00','personal information'),('SV00004','2021-04-20 00:00:00','2021-04-24 00:00:00','request'),('SV00004','2021-05-17 00:00:00','2021-05-31 00:00:00','payment problem'),('SV00004','2021-09-23 00:00:00','2021-10-06 00:00:00','request'),('SV00004','2021-10-21 00:00:00','2021-11-02 00:00:00','complain'),('SV00005','2021-04-15 00:00:00','2021-04-15 00:00:00','payment problem'),('SV00005','2021-10-10 00:00:00','2021-10-15 00:00:00','personal information'),('SV00006','2021-01-23 00:00:00','2021-02-05 00:00:00','course content'),('SV00006','2021-03-12 00:00:00','2021-03-18 00:00:00','payment problem'),('SV00006','2021-08-01 00:00:00','2021-08-05 00:00:00','course cancellation'),('SV00007','2021-11-26 00:00:00','2021-12-02 00:00:00','course enrollment'),('SV00008','2021-01-24 00:00:00','2021-01-26 00:00:00','course content'),('SV00008','2021-04-24 00:00:00','2021-04-28 00:00:00','course cancellation'),('SV00009','2021-03-12 00:00:00','2021-03-17 00:00:00','personal information'),('SV00010','2021-08-18 00:00:00','2021-08-30 00:00:00','lecturers\' information'),('SV00010','2021-09-07 00:00:00','2021-09-09 00:00:00','account'),('SV00010','2021-09-15 00:00:00','2021-09-29 00:00:00','course suggestion'),('SV00010','2021-10-23 00:00:00','2021-11-04 00:00:00','account'),('SV00010','2021-11-28 00:00:00','2021-12-11 00:00:00','coupon'),('SV00011','2021-09-28 00:00:00','2021-10-02 00:00:00','personal information'),('SV00011','2021-11-09 00:00:00','2021-11-16 00:00:00','account'),('SV00011','2021-12-24 00:00:00','2022-01-07 00:00:00','payment problem'),('SV00012','2021-03-01 00:00:00','2021-03-08 00:00:00','course suggestion'),('SV00012','2021-07-16 00:00:00','2021-07-23 00:00:00','course review'),('SV00013','2021-09-14 00:00:00','2021-09-24 00:00:00','request'),('SV00014','2021-08-03 00:00:00','2021-08-06 00:00:00','account'),('SV00015','2021-03-15 00:00:00','2021-03-25 00:00:00','tuition fee'),('SV00015','2021-09-04 00:00:00','2021-09-13 00:00:00','personal information'),('SV00015','2021-10-18 00:00:00','2021-10-26 00:00:00','course content'),('SV00015','2021-11-01 00:00:00','2021-11-01 00:00:00','lecturers\' information'),('SV00016','2021-08-25 00:00:00','2021-08-25 00:00:00','course content'),('SV00017','2021-01-17 00:00:00','2021-01-26 00:00:00','request'),('SV00017','2021-03-06 00:00:00','2021-03-18 00:00:00','course cancellation'),('SV00017','2021-03-11 00:00:00','2021-03-17 00:00:00','lecturers\' information'),('SV00017','2021-05-10 00:00:00','2021-05-10 00:00:00','account'),('SV00018','2021-06-08 00:00:00','2021-06-22 00:00:00','lecturers\' information'),('SV00019','2021-09-04 00:00:00','2021-09-07 00:00:00','course content'),('SV00019','2021-09-23 00:00:00','2021-09-26 00:00:00','course suggestion'),('SV00019','2021-10-15 00:00:00','2021-10-25 00:00:00','course content'),('SV00019','2021-12-10 00:00:00','2021-12-15 00:00:00','course suggestion'),('SV00020','2021-02-17 00:00:00','2021-02-28 00:00:00','tuition fee'),('SV00020','2021-02-19 00:00:00','2021-02-27 00:00:00','course cancellation'),('SV00020','2021-05-25 00:00:00','2021-06-06 00:00:00','payment method'),('SV00020','2021-06-01 00:00:00','2021-06-11 00:00:00','course content'),('SV00020','2021-07-10 00:00:00','2021-07-13 00:00:00','course content'),('SV00022','2021-02-25 00:00:00','2021-03-04 00:00:00','account'),('SV00022','2021-06-19 00:00:00','2021-06-28 00:00:00','request'),('SV00022','2021-09-28 00:00:00','2021-10-10 00:00:00','course review'),('SV00023','2021-04-24 00:00:00','2021-04-24 00:00:00','course cancellation'),('SV00023','2021-05-31 00:00:00','2021-06-14 00:00:00','course review'),('SV00023','2021-09-18 00:00:00','2021-09-29 00:00:00','lecturers\' information'),('SV00023','2021-10-10 00:00:00','2021-10-23 00:00:00','payment method'),('SV00024','2021-04-08 00:00:00','2021-04-19 00:00:00','account'),('SV00024','2021-06-12 00:00:00','2021-06-14 00:00:00','payment problem'),('SV00024','2021-06-20 00:00:00','2021-07-03 00:00:00','course cancellation'),('SV00024','2021-07-29 00:00:00','2021-08-08 00:00:00','course cancellation'),('SV00024','2021-12-12 00:00:00','2021-12-16 00:00:00','personal information'),('SV00024','2021-12-23 00:00:00','2022-01-05 00:00:00','course cancellation'),('SV00026','2021-03-08 00:00:00','2021-03-14 00:00:00','course content'),('SV00026','2021-07-01 00:00:00','2021-07-09 00:00:00','tuition fee'),('SV00026','2021-08-28 00:00:00','2021-09-03 00:00:00','coupon'),('SV00026','2021-09-20 00:00:00','2021-09-30 00:00:00','payment problem'),('SV00026','2021-12-07 00:00:00','2021-12-08 00:00:00','payment method'),('SV00027','2021-05-02 00:00:00','2021-05-05 00:00:00','coupon'),('SV00028','2021-01-15 00:00:00','2021-01-19 00:00:00','coupon'),('SV00028','2021-04-28 00:00:00','2021-05-10 00:00:00','complain'),('SV00028','2021-05-13 00:00:00','2021-05-23 00:00:00','course enrollment'),('SV00029','2021-03-23 00:00:00','2021-03-27 00:00:00','account'),('SV00030','2021-12-15 00:00:00','2021-12-20 00:00:00','payment method'),('SV00031','2021-01-19 00:00:00','2021-01-24 00:00:00','account'),('SV00031','2021-02-04 00:00:00','2021-02-13 00:00:00','payment problem'),('SV00031','2021-03-11 00:00:00','2021-03-18 00:00:00','course cancellation'),('SV00031','2021-04-13 00:00:00','2021-04-14 00:00:00','tuition fee'),('SV00032','2021-12-08 00:00:00','2021-12-13 00:00:00','course suggestion'),('SV00032','2021-12-11 00:00:00','2021-12-11 00:00:00','course content'),('SV00034','2021-08-10 00:00:00','2021-08-10 00:00:00','course suggestion'),('SV00034','2021-08-15 00:00:00','2021-08-27 00:00:00','personal information'),('SV00034','2021-11-09 00:00:00','2021-11-14 00:00:00','payment problem'),('SV00034','2021-12-14 00:00:00','2021-12-24 00:00:00','course enrollment'),('SV00035','2021-10-03 00:00:00','2021-10-08 00:00:00','request'),('SV00035','2021-10-29 00:00:00','2021-11-07 00:00:00','course enrollment'),('SV00035','2021-12-22 00:00:00','2021-12-26 00:00:00','course review'),('SV00036','2021-05-15 00:00:00','2021-05-18 00:00:00','course cancellation'),('SV00036','2021-06-29 00:00:00','2021-07-10 00:00:00','payment problem'),('SV00036','2021-09-12 00:00:00','2021-09-12 00:00:00','personal information'),('SV00037','2021-04-10 00:00:00','2021-04-21 00:00:00','course enrollment'),('SV00037','2021-05-22 00:00:00','2021-06-02 00:00:00','complain'),('SV00037','2021-07-11 00:00:00','2021-07-19 00:00:00','request'),('SV00037','2021-08-11 00:00:00','2021-08-13 00:00:00','course content'),('SV00038','2021-02-11 00:00:00','2021-02-16 00:00:00','payment problem'),('SV00039','2021-04-16 00:00:00','2021-04-29 00:00:00','course suggestion'),('SV00039','2021-05-22 00:00:00','2021-06-02 00:00:00','payment method'),('SV00040','2021-04-27 00:00:00','2021-05-11 00:00:00','payment method'),('SV00041','2021-05-02 00:00:00','2021-05-03 00:00:00','account'),('SV00041','2021-05-10 00:00:00','2021-05-16 00:00:00','course enrollment'),('SV00041','2021-05-24 00:00:00','2021-06-06 00:00:00','course review'),('SV00041','2021-11-22 00:00:00','2021-11-26 00:00:00','payment problem'),('SV00041','2021-12-31 00:00:00','2022-01-02 00:00:00','course enrollment'),('SV00042','2021-04-26 00:00:00','2021-05-07 00:00:00','personal information'),('SV00042','2021-06-10 00:00:00','2021-06-10 00:00:00','request'),('SV00042','2021-11-01 00:00:00','2021-11-07 00:00:00','course cancellation'),('SV00042','2021-11-22 00:00:00','2021-11-27 00:00:00','course cancellation'),('SV00043','2021-03-22 00:00:00','2021-03-25 00:00:00','course review'),('SV00043','2021-04-14 00:00:00','2021-04-22 00:00:00','course enrollment'),('SV00043','2021-11-04 00:00:00','2021-11-04 00:00:00','account'),('SV00044','2021-04-06 00:00:00','2021-04-06 00:00:00','course suggestion'),('SV00044','2021-08-05 00:00:00','2021-08-18 00:00:00','payment problem'),('SV00045','2021-01-16 00:00:00','2021-01-25 00:00:00','course enrollment'),('SV00045','2021-02-10 00:00:00','2021-02-12 00:00:00','personal information'),('SV00046','2021-11-16 00:00:00','2021-11-25 00:00:00','payment method'),('SV00047','2021-05-27 00:00:00','2021-05-29 00:00:00','account'),('SV00047','2021-07-22 00:00:00','2021-07-26 00:00:00','course suggestion'),('SV00049','2021-08-16 00:00:00','2021-08-20 00:00:00','personal information'),('SV00050','2021-03-05 00:00:00','2021-03-07 00:00:00','course suggestion'),('SV00051','2021-01-01 00:00:00','2021-01-12 00:00:00','tuition fee'),('SV00051','2021-02-06 00:00:00','2021-02-07 00:00:00','course content'),('SV00052','2021-11-05 00:00:00','2021-11-17 00:00:00','course cancellation'),('SV00053','2021-07-23 00:00:00','2021-07-30 00:00:00','course review'),('SV00054','2021-04-22 00:00:00','2021-04-22 00:00:00','payment problem'),('SV00054','2021-06-18 00:00:00','2021-07-02 00:00:00','account'),('SV00054','2021-07-27 00:00:00','2021-07-29 00:00:00','tuition fee'),('SV00055','2021-08-28 00:00:00','2021-09-03 00:00:00','coupon'),('SV00056','2021-03-29 00:00:00','2021-04-02 00:00:00','coupon'),('SV00057','2021-02-24 00:00:00','2021-03-03 00:00:00','coupon'),('SV00057','2021-05-25 00:00:00','2021-05-27 00:00:00','complain'),('SV00057','2021-07-17 00:00:00','2021-07-18 00:00:00','course enrollment'),('SV00057','2021-08-21 00:00:00','2021-09-01 00:00:00','course enrollment'),('SV00058','2021-05-29 00:00:00','2021-06-04 00:00:00','course cancellation'),('SV00058','2021-10-29 00:00:00','2021-11-09 00:00:00','coupon'),('SV00059','2021-04-24 00:00:00','2021-05-07 00:00:00','payment problem'),('SV00059','2021-10-20 00:00:00','2021-10-23 00:00:00','coupon'),('SV00060','2021-06-01 00:00:00','2021-06-12 00:00:00','course suggestion'),('SV00060','2021-11-23 00:00:00','2021-12-07 00:00:00','payment method'),('SV00060','2021-12-07 00:00:00','2021-12-11 00:00:00','lecturers\' information'),('SV00061','2021-01-17 00:00:00','2021-01-27 00:00:00','course review'),('SV00061','2021-05-12 00:00:00','2021-05-18 00:00:00','course review'),('SV00061','2021-08-31 00:00:00','2021-09-09 00:00:00','course enrollment'),('SV00061','2021-11-26 00:00:00','2021-12-10 00:00:00','course content'),('SV00062','2021-01-31 00:00:00','2021-02-02 00:00:00','tuition fee'),('SV00062','2021-06-22 00:00:00','2021-06-22 00:00:00','course cancellation'),('SV00063','2021-05-02 00:00:00','2021-05-08 00:00:00','course review'),('SV00064','2021-12-07 00:00:00','2021-12-21 00:00:00','course suggestion'),('SV00064','2021-12-16 00:00:00','2021-12-29 00:00:00','account'),('SV00065','2021-01-06 00:00:00','2021-01-09 00:00:00','personal information'),('SV00065','2021-08-17 00:00:00','2021-08-23 00:00:00','account'),('SV00066','2021-06-01 00:00:00','2021-06-04 00:00:00','course cancellation'),('SV00066','2021-09-02 00:00:00','2021-09-10 00:00:00','coupon'),('SV00067','2021-02-16 00:00:00','2021-02-21 00:00:00','course content'),('SV00067','2021-04-05 00:00:00','2021-04-10 00:00:00','course suggestion'),('SV00067','2021-06-05 00:00:00','2021-06-17 00:00:00','payment problem'),('SV00068','2021-04-30 00:00:00','2021-05-01 00:00:00','account'),('SV00069','2021-03-20 00:00:00','2021-03-22 00:00:00','payment method'),('SV00069','2021-07-13 00:00:00','2021-07-25 00:00:00','tuition fee'),('SV00069','2021-07-20 00:00:00','2021-07-29 00:00:00','course suggestion'),('SV00069','2021-08-27 00:00:00','2021-09-04 00:00:00','account'),('SV00070','2021-02-23 00:00:00','2021-03-04 00:00:00','request'),('SV00070','2021-09-12 00:00:00','2021-09-25 00:00:00','payment problem'),('SV00070','2021-09-25 00:00:00','2021-09-27 00:00:00','account'),('SV00071','2021-02-22 00:00:00','2021-03-02 00:00:00','request'),('SV00071','2021-06-06 00:00:00','2021-06-19 00:00:00','payment problem'),('SV00072','2021-03-24 00:00:00','2021-03-28 00:00:00','course content'),('SV00072','2021-04-19 00:00:00','2021-04-21 00:00:00','payment problem'),('SV00073','2021-12-15 00:00:00','2021-12-23 00:00:00','course suggestion'),('SV00074','2021-09-02 00:00:00','2021-09-15 00:00:00','complain'),('SV00074','2021-12-05 00:00:00','2021-12-19 00:00:00','request'),('SV00074','2021-12-11 00:00:00','2021-12-18 00:00:00','course review'),('SV00074','2021-12-13 00:00:00','2021-12-18 00:00:00','course enrollment'),('SV00076','2021-02-12 00:00:00','2021-02-17 00:00:00','course suggestion'),('SV00076','2021-05-27 00:00:00','2021-05-30 00:00:00','coupon'),('SV00076','2021-05-29 00:00:00','2021-05-31 00:00:00','lecturers\' information'),('SV00076','2021-05-29 00:00:00','2021-06-07 00:00:00','coupon'),('SV00076','2021-12-21 00:00:00','2021-12-28 00:00:00','lecturers\' information'),('SV00077','2021-05-19 00:00:00','2021-05-24 00:00:00','course cancellation'),('SV00077','2021-07-30 00:00:00','2021-08-11 00:00:00','request'),('SV00077','2021-09-28 00:00:00','2021-09-29 00:00:00','course content'),('SV00078','2021-02-23 00:00:00','2021-03-08 00:00:00','personal information'),('SV00078','2021-05-09 00:00:00','2021-05-20 00:00:00','tuition fee'),('SV00078','2021-07-30 00:00:00','2021-08-04 00:00:00','course review'),('SV00078','2021-09-15 00:00:00','2021-09-21 00:00:00','payment method'),('SV00079','2021-06-29 00:00:00','2021-07-08 00:00:00','course suggestion'),('SV00080','2021-04-02 00:00:00','2021-04-05 00:00:00','payment method'),('SV00080','2021-06-19 00:00:00','2021-06-22 00:00:00','complain'),('SV00080','2021-08-31 00:00:00','2021-09-02 00:00:00','course review'),('SV00080','2021-10-26 00:00:00','2021-10-31 00:00:00','request'),('SV00081','2021-03-07 00:00:00','2021-03-07 00:00:00','personal information'),('SV00081','2021-05-31 00:00:00','2021-06-04 00:00:00','request'),('SV00082','2021-01-12 00:00:00','2021-01-19 00:00:00','request'),('SV00082','2021-05-17 00:00:00','2021-05-22 00:00:00','account'),('SV00083','2021-02-03 00:00:00','2021-02-15 00:00:00','course review'),('SV00083','2021-05-19 00:00:00','2021-05-24 00:00:00','payment problem'),('SV00083','2021-05-19 00:00:00','2021-05-29 00:00:00','payment method'),('SV00083','2021-10-26 00:00:00','2021-10-30 00:00:00','payment method'),('SV00084','2021-04-20 00:00:00','2021-04-30 00:00:00','payment problem'),('SV00084','2021-12-16 00:00:00','2021-12-21 00:00:00','course content'),('SV00084','2021-12-31 00:00:00','2022-01-13 00:00:00','request'),('SV00085','2021-02-27 00:00:00','2021-03-08 00:00:00','coupon'),('SV00085','2021-04-05 00:00:00','2021-04-14 00:00:00','course enrollment'),('SV00085','2021-09-21 00:00:00','2021-09-26 00:00:00','complain'),('SV00086','2021-11-18 00:00:00','2021-11-30 00:00:00','request'),('SV00087','2021-06-12 00:00:00','2021-06-23 00:00:00','tuition fee'),('SV00087','2021-11-30 00:00:00','2021-12-05 00:00:00','request'),('SV00088','2021-03-28 00:00:00','2021-04-01 00:00:00','coupon'),('SV00089','2021-06-22 00:00:00','2021-06-25 00:00:00','tuition fee'),('SV00089','2021-08-18 00:00:00','2021-08-30 00:00:00','course enrollment'),('SV00091','2021-05-10 00:00:00','2021-05-12 00:00:00','lecturers\' information'),('SV00093','2021-03-02 00:00:00','2021-03-15 00:00:00','account'),('SV00093','2021-09-17 00:00:00','2021-09-23 00:00:00','coupon'),('SV00094','2021-07-12 00:00:00','2021-07-24 00:00:00','course cancellation'),('SV00094','2021-08-18 00:00:00','2021-08-29 00:00:00','course cancellation'),('SV00095','2021-01-17 00:00:00','2021-01-24 00:00:00','coupon'),('SV00095','2021-01-20 00:00:00','2021-02-03 00:00:00','lecturers\' information'),('SV00095','2021-06-30 00:00:00','2021-07-05 00:00:00','payment method'),('SV00095','2021-09-19 00:00:00','2021-09-25 00:00:00','coupon'),('SV00095','2021-10-27 00:00:00','2021-11-01 00:00:00','payment method'),('SV00095','2021-11-23 00:00:00','2021-11-27 00:00:00','request'),('SV00095','2021-12-24 00:00:00','2021-12-27 00:00:00','request'),('SV00096','2021-08-11 00:00:00','2021-08-19 00:00:00','account'),('SV00096','2021-11-27 00:00:00','2021-12-02 00:00:00','request'),('SV00097','2021-02-16 00:00:00','2021-02-26 00:00:00','course review'),('SV00097','2021-08-21 00:00:00','2021-08-24 00:00:00','tuition fee'),('SV00098','2021-03-31 00:00:00','2021-04-01 00:00:00','request'),('SV00098','2021-05-06 00:00:00','2021-05-19 00:00:00','course review'),('SV00098','2021-07-22 00:00:00','2021-07-27 00:00:00','course suggestion'),('SV00098','2021-09-03 00:00:00','2021-09-16 00:00:00','personal information'),('SV00099','2021-03-03 00:00:00','2021-03-15 00:00:00','request'),('SV00099','2021-08-22 00:00:00','2021-08-30 00:00:00','lecturers\' information'),('SV00099','2021-08-28 00:00:00','2021-09-03 00:00:00','course cancellation'),('SV00100','2021-01-03 00:00:00','2021-01-13 00:00:00','course cancellation'),('SV00100','2021-03-29 00:00:00','2021-04-04 00:00:00','course review'),('SV00100','2021-05-19 00:00:00','2021-05-23 00:00:00','course review'),('SV00102','2021-03-25 00:00:00','2021-04-08 00:00:00','course suggestion'),('SV00102','2021-10-16 00:00:00','2021-10-29 00:00:00','complain'),('SV00103','2021-02-15 00:00:00','2021-02-23 00:00:00','course suggestion'),('SV00103','2021-02-17 00:00:00','2021-02-28 00:00:00','course suggestion'),('SV00103','2021-06-08 00:00:00','2021-06-19 00:00:00','account'),('SV00104','2021-07-11 00:00:00','2021-07-13 00:00:00','complain'),('SV00104','2021-09-20 00:00:00','2021-09-27 00:00:00','course suggestion'),('SV00104','2021-10-01 00:00:00','2021-10-04 00:00:00','lecturers\' information'),('SV00104','2021-11-07 00:00:00','2021-11-17 00:00:00','account'),('SV00105','2021-07-25 00:00:00','2021-08-04 00:00:00','payment method'),('SV00106','2021-05-26 00:00:00','2021-06-06 00:00:00','course content'),('SV00106','2021-11-01 00:00:00','2021-11-13 00:00:00','personal information'),('SV00107','2021-03-10 00:00:00','2021-03-15 00:00:00','course review'),('SV00108','2021-01-25 00:00:00','2021-01-29 00:00:00','course enrollment'),('SV00108','2021-09-28 00:00:00','2021-10-11 00:00:00','course suggestion'),('SV00109','2021-05-12 00:00:00','2021-05-15 00:00:00','course suggestion'),('SV00109','2021-11-25 00:00:00','2021-11-30 00:00:00','lecturers\' information'),('SV00110','2021-12-02 00:00:00','2021-12-09 00:00:00','personal information'),('SV00111','2021-01-06 00:00:00','2021-01-12 00:00:00','personal information'),('SV00111','2021-02-19 00:00:00','2021-03-02 00:00:00','request'),('SV00112','2021-05-08 00:00:00','2021-05-12 00:00:00','personal information'),('SV00112','2021-06-15 00:00:00','2021-06-29 00:00:00','coupon'),('SV00112','2021-07-01 00:00:00','2021-07-10 00:00:00','payment problem'),('SV00113','2021-05-01 00:00:00','2021-05-05 00:00:00','personal information'),('SV00113','2021-07-09 00:00:00','2021-07-21 00:00:00','course suggestion'),('SV00113','2021-07-27 00:00:00','2021-08-10 00:00:00','course review'),('SV00113','2021-10-07 00:00:00','2021-10-11 00:00:00','personal information'),('SV00113','2021-10-14 00:00:00','2021-10-23 00:00:00','lecturers\' information'),('SV00114','2021-09-07 00:00:00','2021-09-07 00:00:00','course cancellation'),('SV00115','2021-03-05 00:00:00','2021-03-19 00:00:00','payment problem'),('SV00115','2021-03-14 00:00:00','2021-03-27 00:00:00','course cancellation'),('SV00115','2021-12-02 00:00:00','2021-12-03 00:00:00','course enrollment'),('SV00116','2021-04-21 00:00:00','2021-04-28 00:00:00','course cancellation'),('SV00116','2021-05-05 00:00:00','2021-05-19 00:00:00','course enrollment'),('SV00116','2021-08-01 00:00:00','2021-08-02 00:00:00','course review'),('SV00116','2021-08-17 00:00:00','2021-08-21 00:00:00','course content'),('SV00117','2021-03-28 00:00:00','2021-04-04 00:00:00','course enrollment'),('SV00117','2021-11-10 00:00:00','2021-11-10 00:00:00','account'),('SV00118','2021-06-21 00:00:00','2021-07-04 00:00:00','personal information'),('SV00118','2021-07-13 00:00:00','2021-07-14 00:00:00','complain'),('SV00118','2021-07-31 00:00:00','2021-07-31 00:00:00','payment problem'),('SV00119','2021-07-04 00:00:00','2021-07-13 00:00:00','payment method'),('SV00119','2021-09-22 00:00:00','2021-09-28 00:00:00','course cancellation'),('SV00121','2021-01-26 00:00:00','2021-02-05 00:00:00','course enrollment'),('SV00121','2021-06-26 00:00:00','2021-06-28 00:00:00','personal information'),('SV00121','2021-11-02 00:00:00','2021-11-08 00:00:00','tuition fee'),('SV00122','2021-07-06 00:00:00','2021-07-07 00:00:00','course content'),('SV00122','2021-08-16 00:00:00','2021-08-19 00:00:00','request'),('SV00122','2021-10-01 00:00:00','2021-10-13 00:00:00','payment problem'),('SV00123','2021-04-14 00:00:00','2021-04-23 00:00:00','course content'),('SV00123','2021-10-12 00:00:00','2021-10-24 00:00:00','payment method'),('SV00123','2021-10-21 00:00:00','2021-10-31 00:00:00','payment problem'),('SV00125','2021-01-19 00:00:00','2021-01-30 00:00:00','payment problem'),('SV00125','2021-05-18 00:00:00','2021-05-22 00:00:00','course cancellation'),('SV00125','2021-08-22 00:00:00','2021-08-29 00:00:00','tuition fee'),('SV00126','2021-07-01 00:00:00','2021-07-07 00:00:00','course suggestion'),('SV00126','2021-07-24 00:00:00','2021-07-28 00:00:00','tuition fee'),('SV00126','2021-10-27 00:00:00','2021-10-27 00:00:00','course suggestion'),('SV00127','2021-03-05 00:00:00','2021-03-18 00:00:00','complain'),('SV00128','2021-04-07 00:00:00','2021-04-11 00:00:00','course content'),('SV00129','2021-04-02 00:00:00','2021-04-02 00:00:00','coupon'),('SV00129','2021-05-01 00:00:00','2021-05-06 00:00:00','personal information'),('SV00130','2021-07-02 00:00:00','2021-07-08 00:00:00','course suggestion'),('SV00130','2021-09-05 00:00:00','2021-09-11 00:00:00','complain'),('SV00131','2021-03-23 00:00:00','2021-03-31 00:00:00','course review'),('SV00132','2021-05-15 00:00:00','2021-05-18 00:00:00','complain'),('SV00132','2021-08-08 00:00:00','2021-08-17 00:00:00','tuition fee'),('SV00133','2021-11-09 00:00:00','2021-11-17 00:00:00','request'),('SV00134','2021-08-03 00:00:00','2021-08-08 00:00:00','course content'),('SV00134','2021-09-11 00:00:00','2021-09-21 00:00:00','course suggestion'),('SV00134','2021-10-07 00:00:00','2021-10-21 00:00:00','course suggestion'),('SV00135','2021-01-08 00:00:00','2021-01-08 00:00:00','course cancellation'),('SV00135','2021-05-17 00:00:00','2021-05-28 00:00:00','account'),('SV00136','2021-01-28 00:00:00','2021-01-29 00:00:00','lecturers\' information'),('SV00137','2021-01-20 00:00:00','2021-01-23 00:00:00','course review'),('SV00137','2021-08-22 00:00:00','2021-08-29 00:00:00','course suggestion'),('SV00138','2021-02-09 00:00:00','2021-02-13 00:00:00','course cancellation'),('SV00138','2021-06-12 00:00:00','2021-06-21 00:00:00','tuition fee'),('SV00138','2021-06-15 00:00:00','2021-06-16 00:00:00','payment problem'),('SV00138','2021-11-12 00:00:00','2021-11-13 00:00:00','course enrollment'),('SV00140','2021-01-11 00:00:00','2021-01-12 00:00:00','course enrollment'),('SV00140','2021-05-21 00:00:00','2021-05-25 00:00:00','payment problem'),('SV00142','2021-08-06 00:00:00','2021-08-12 00:00:00','tuition fee'),('SV00143','2021-02-09 00:00:00','2021-02-13 00:00:00','lecturers\' information'),('SV00143','2021-08-12 00:00:00','2021-08-22 00:00:00','lecturers\' information'),('SV00144','2021-02-14 00:00:00','2021-02-16 00:00:00','payment problem'),('SV00144','2021-11-10 00:00:00','2021-11-21 00:00:00','complain'),('SV00146','2021-10-13 00:00:00','2021-10-25 00:00:00','personal information'),('SV00146','2021-10-17 00:00:00','2021-10-24 00:00:00','course enrollment'),('SV00148','2021-02-24 00:00:00','2021-03-02 00:00:00','course enrollment'),('SV00148','2021-10-17 00:00:00','2021-10-18 00:00:00','complain'),('SV00149','2021-01-05 00:00:00','2021-01-07 00:00:00','request'),('SV00149','2021-05-10 00:00:00','2021-05-15 00:00:00','course enrollment'),('SV00149','2021-08-12 00:00:00','2021-08-19 00:00:00','course suggestion'),('SV00150','2021-10-19 00:00:00','2021-10-19 00:00:00','payment method'),('SV00152','2021-09-09 00:00:00','2021-09-15 00:00:00','course suggestion'),('SV00153','2021-03-30 00:00:00','2021-04-04 00:00:00','coupon'),('SV00153','2021-04-26 00:00:00','2021-04-30 00:00:00','payment problem'),('SV00153','2021-11-25 00:00:00','2021-11-28 00:00:00','lecturers\' information'),('SV00154','2021-03-29 00:00:00','2021-04-02 00:00:00','coupon'),('SV00154','2021-07-26 00:00:00','2021-08-02 00:00:00','tuition fee'),('SV00154','2021-10-24 00:00:00','2021-10-28 00:00:00','course content'),('SV00155','2021-05-08 00:00:00','2021-05-10 00:00:00','payment method'),('SV00156','2021-05-10 00:00:00','2021-05-20 00:00:00','request'),('SV00157','2021-10-14 00:00:00','2021-10-24 00:00:00','payment problem'),('SV00157','2021-12-30 00:00:00','2022-01-10 00:00:00','request'),('SV00158','2021-02-18 00:00:00','2021-02-26 00:00:00','request'),('SV00158','2021-03-03 00:00:00','2021-03-12 00:00:00','tuition fee'),('SV00159','2021-02-02 00:00:00','2021-02-08 00:00:00','complain'),('SV00159','2021-07-20 00:00:00','2021-07-22 00:00:00','tuition fee'),('SV00160','2021-05-03 00:00:00','2021-05-17 00:00:00','course content'),('SV00160','2021-07-03 00:00:00','2021-07-16 00:00:00','personal information'),('SV00161','2021-03-06 00:00:00','2021-03-15 00:00:00','tuition fee'),('SV00162','2021-04-15 00:00:00','2021-04-18 00:00:00','payment problem'),('SV00162','2021-06-14 00:00:00','2021-06-28 00:00:00','course suggestion'),('SV00163','2021-01-08 00:00:00','2021-01-18 00:00:00','request'),('SV00163','2021-03-09 00:00:00','2021-03-19 00:00:00','coupon'),('SV00164','2021-09-08 00:00:00','2021-09-20 00:00:00','request'),('SV00164','2021-09-15 00:00:00','2021-09-19 00:00:00','course enrollment'),('SV00165','2021-11-15 00:00:00','2021-11-16 00:00:00','lecturers\' information'),('SV00166','2021-07-16 00:00:00','2021-07-18 00:00:00','account'),('SV00167','2021-02-14 00:00:00','2021-02-16 00:00:00','account'),('SV00167','2021-05-26 00:00:00','2021-06-01 00:00:00','complain'),('SV00168','2021-07-25 00:00:00','2021-08-02 00:00:00','payment method'),('SV00168','2021-08-21 00:00:00','2021-08-28 00:00:00','course cancellation'),('SV00170','2021-06-28 00:00:00','2021-07-01 00:00:00','request'),('SV00170','2021-07-20 00:00:00','2021-07-29 00:00:00','payment problem'),('SV00171','2021-01-02 00:00:00','2021-01-11 00:00:00','account'),('SV00172','2021-01-19 00:00:00','2021-01-30 00:00:00','lecturers\' information'),('SV00172','2021-08-22 00:00:00','2021-09-03 00:00:00','course review'),('SV00173','2021-02-09 00:00:00','2021-02-20 00:00:00','complain'),('SV00173','2021-09-07 00:00:00','2021-09-11 00:00:00','course cancellation'),('SV00174','2021-02-28 00:00:00','2021-03-04 00:00:00','account'),('SV00174','2021-06-25 00:00:00','2021-06-27 00:00:00','course enrollment'),('SV00175','2021-01-22 00:00:00','2021-01-31 00:00:00','personal information'),('SV00175','2021-01-29 00:00:00','2021-02-12 00:00:00','course review'),('SV00175','2021-03-29 00:00:00','2021-04-05 00:00:00','course enrollment'),('SV00175','2021-05-06 00:00:00','2021-05-15 00:00:00','payment method'),('SV00175','2021-08-13 00:00:00','2021-08-16 00:00:00','personal information'),('SV00175','2021-10-22 00:00:00','2021-10-23 00:00:00','course review'),('SV00175','2021-12-29 00:00:00','2022-01-03 00:00:00','course suggestion');
/*!40000 ALTER TABLE `support_session` ENABLE KEYS */;
UNLOCK TABLES;

--
-- Dumping data for table `supporter`
--

LOCK TABLES `supporter` WRITE;
/*!40000 ALTER TABLE `supporter` DISABLE KEYS */;
INSERT INTO `supporter` VALUES ('HT00001',500000,'13:30:00'),('HT00002',3400000,'09:00:00'),('HT00003',1700000,'16:30:00'),('HT00004',7500000,'10:45:00'),('HT00005',4700000,'17:45:00'),('HT00006',6100000,'11:45:00'),('HT00007',4600000,'12:30:00'),('HT00008',8500000,'13:30:00'),('HT00009',1300000,'16:45:00'),('HT00010',4000000,'13:30:00'),('HT00011',9000000,'14:45:00'),('HT00012',5700000,'15:00:00'),('HT00013',4500000,'11:15:00'),('HT00014',1600000,'13:30:00'),('HT00015',6700000,'10:15:00'),('HT00016',9500000,'14:15:00'),('HT00017',9900000,'10:30:00'),('HT00018',7300000,'16:45:00'),('HT00019',700000,'16:15:00'),('HT00020',9200000,'15:15:00'),('HT00021',8200000,'10:15:00'),('HT00022',3700000,'10:45:00'),('HT00023',6800000,'17:30:00'),('HT00024',2900000,'09:30:00'),('HT00025',4000000,'14:30:00'),('HT00026',1700000,'14:30:00'),('HT00027',6900000,'09:15:00'),('HT00028',3300000,'08:15:00'),('HT00029',6600000,'08:15:00'),('HT00030',3000000,'10:45:00'),('HT00031',7700000,'09:00:00'),('HT00032',8300000,'13:30:00'),('HT00033',5200000,'09:30:00'),('HT00034',1500000,'08:30:00'),('HT00035',2200000,'08:15:00'),('HT00036',7900000,'15:30:00'),('HT00037',6600000,'08:30:00'),('HT00038',5800000,'11:00:00'),('HT00039',5500000,'12:15:00'),('HT00040',2600000,'13:30:00'),('HT00041',7000000,'13:15:00'),('HT00042',6400000,'11:30:00'),('HT00043',2000000,'12:45:00'),('HT00044',8300000,'12:00:00'),('HT00045',6100000,'16:30:00'),('HT00046',9700000,'09:45:00'),('HT00047',4700000,'12:30:00'),('HT00048',2700000,'16:00:00'),('HT00049',8400000,'13:00:00'),('HT00050',7300000,'08:15:00'),('HT00051',4000000,'09:30:00'),('HT00052',2300000,'13:00:00'),('HT00053',5000000,'14:45:00'),('HT00054',4500000,'11:30:00'),('HT00055',7900000,'12:15:00'),('HT00056',9100000,'13:15:00'),('HT00057',9400000,'10:15:00'),('HT00058',1400000,'17:15:00'),('HT00059',4100000,'17:30:00'),('HT00060',3400000,'15:15:00'),('HT00061',3000000,'11:15:00'),('HT00062',4900000,'16:00:00'),('HT00063',6600000,'13:45:00'),('HT00064',5600000,'14:30:00'),('HT00065',5600000,'12:45:00'),('HT00066',2400000,'11:30:00'),('HT00067',6900000,'13:30:00'),('HT00068',5600000,'09:15:00'),('HT00069',6900000,'16:45:00'),('HT00070',3800000,'14:15:00'),('HT00071',7700000,'08:00:00'),('HT00072',2100000,'08:30:00'),('HT00073',3400000,'15:15:00'),('HT00074',800000,'10:45:00'),('HT00075',8400000,'16:45:00'),('HT00076',3800000,'16:45:00'),('HT00077',8700000,'17:45:00'),('HT00078',3300000,'16:00:00'),('HT00079',8400000,'17:15:00'),('HT00080',8000000,'17:30:00'),('HT00081',4300000,'12:15:00'),('HT00082',5900000,'08:15:00'),('HT00083',1700000,'13:45:00'),('HT00084',8900000,'11:45:00'),('HT00085',8800000,'13:00:00'),('HT00086',3800000,'15:30:00'),('HT00087',10000000,'14:00:00'),('HT00088',9900000,'14:00:00'),('HT00089',6100000,'16:45:00'),('HT00090',6400000,'12:15:00'),('HT00091',8100000,'16:00:00'),('HT00092',9500000,'12:15:00'),('HT00093',8000000,'13:00:00'),('HT00094',2800000,'10:00:00'),('HT00095',1500000,'17:30:00'),('HT00096',3800000,'10:30:00'),('HT00097',4600000,'12:00:00'),('HT00098',3500000,'12:45:00'),('HT00099',6700000,'17:45:00'),('HT00100',6900000,'12:30:00'),('HT00101',3900000,'14:30:00'),('HT00102',9300000,'09:15:00'),('HT00103',1900000,'09:15:00'),('HT00104',5600000,'13:15:00'),('HT00105',1100000,'14:45:00'),('HT00106',1600000,'10:30:00'),('HT00107',1400000,'11:45:00'),('HT00108',7400000,'10:15:00'),('HT00109',3800000,'13:30:00'),('HT00110',3600000,'17:45:00'),('HT00111',9400000,'08:15:00'),('HT00112',5600000,'16:15:00'),('HT00113',1300000,'12:30:00'),('HT00114',1900000,'11:30:00'),('HT00115',6200000,'16:30:00'),('HT00116',1100000,'12:00:00'),('HT00117',7900000,'10:45:00'),('HT00118',2900000,'16:15:00'),('HT00119',3200000,'11:00:00'),('HT00120',5100000,'09:30:00'),('HT00121',3500000,'13:45:00'),('HT00122',9300000,'10:00:00'),('HT00123',3900000,'16:15:00'),('HT00124',2700000,'12:00:00'),('HT00125',5000000,'15:30:00'),('HT00126',1100000,'10:45:00'),('HT00127',9800000,'08:00:00'),('HT00128',8400000,'08:30:00'),('HT00129',7100000,'13:00:00'),('HT00130',8500000,'17:00:00'),('HT00131',8400000,'17:45:00'),('HT00132',2500000,'09:30:00'),('HT00133',1100000,'11:45:00'),('HT00134',6800000,'16:15:00'),('HT00135',9700000,'16:30:00'),('HT00136',9700000,'09:00:00'),('HT00137',2600000,'09:30:00'),('HT00138',4100000,'13:00:00'),('HT00139',5000000,'11:45:00');
/*!40000 ALTER TABLE `supporter` ENABLE KEYS */;
UNLOCK TABLES;

--
-- Dumping data for table `takes`
--

LOCK TABLES `takes` WRITE;
/*!40000 ALTER TABLE `takes` DISABLE KEYS */;
INSERT INTO `takes` VALUES ('SV00001','CS0041','T48','2021-05-02',4),('SV00002','CS0028','T131','2021-01-25',7),('SV00002','CS0028','T70','2021-07-08',8),('SV00003','HM001','T178','2021-02-08',10),('SV00004','EDU003','T194','2021-01-20',7),('SV00005','AE0003','T69','2021-05-02',1),('SV00006','BMA036','T142','2021-09-21',3),('SV00007','BMA005','T55','2021-11-15',6),('SV00008','CS0011','T164','2021-09-21',10),('SV00009','CS0024','T122','2021-07-05',1),('SV00009','CS0024','T74','2021-12-20',2),('SV00010','CS0016','T57','2021-05-02',8),('SV00010','CS0039','T80','2021-01-25',4),('SV00010','SAL007','T171','2021-09-23',9),('SV00011','BMA032','T190','2021-04-21',8),('SV00011','BMA032','T41','2021-07-24',6),('SV00011','BMA032','T62','2021-01-25',10),('SV00012','BMA013','T176','2021-11-16',6),('SV00012','BMA015','T138','2021-06-09',5),('SV00012','BMA015','T42','2021-11-03',3),('SV00012','BMA015','T56','2021-09-30',1),('SV00012','MLD019','T12','2021-02-12',7),('SV00014','PD0011','T108','2021-11-08',5),('SV00017','HM001','T178','2021-10-22',3),('SV00019','SAL006','T181','2021-05-04',7),('SV00020','CS0021','T44','2021-08-12',7),('SV00020','CS0031','T10','2021-12-12',2),('SV00020','CS0031','T136','2021-03-02',5),('SV00020','CS0031','T137','2021-07-27',2),('SV00021','CS0039','T08','2021-09-28',10),('SV00021','CS0039','T80','2021-12-29',7),('SV00023','BMA003','T20','2021-11-11',1),('SV00026','BMA023','T102','2021-05-18',10),('SV00026','BMA023','T117','2021-12-31',7),('SV00027','EDU002','T105','2021-07-05',7),('SV00027','EDU002','T132','2021-01-31',2),('SV00027','EDU002','T153','2021-12-01',0),('SV00027','EDU002','T91','2021-10-01',3),('SV00027','MLD008','T175','2021-06-08',10),('SV00029','BMA018','T93','2021-07-21',10),('SV00029','EDU003','T194','2021-03-13',1),('SV00029','MLD001','T126','2021-12-26',4),('SV00029','MLD001','T174','2021-04-06',5),('SV00031','MLD008','T175','2021-12-03',9),('SV00032','AE0002','T134','2021-12-26',0),('SV00032','BMA023','T102','2021-07-14',8),('SV00032','BMA023','T117','2021-08-01',2),('SV00032','BMA023','T155','2021-08-29',5),('SV00032','BMA023','T195','2021-12-01',2),('SV00032','MLD001','T126','2021-11-02',3),('SV00032','MLD001','T174','2021-11-26',4),('SV00032','MLD016','T182','2021-05-29',8),('SV00033','BMA008','T119','2021-11-13',10),('SV00033','BMA008','T141','2021-06-12',3),('SV00033','BMA008','T76','2021-03-10',4),('SV00033','COM001','T191','2021-01-05',10),('SV00033','SAL001','T78','2021-06-22',3),('SV00034','BMA004','T168','2021-09-13',4),('SV00034','CS0017','T129','2021-03-04',0),('SV00034','CS0028','T131','2021-05-13',8),('SV00034','CS0028','T70','2021-06-07',10),('SV00037','BMA024','T64','2021-08-21',5),('SV00037','CS0037','T165','2021-03-20',8),('SV00040','SAL009','T188','2021-09-23',5),('SV00041','BMA006','T167','2021-04-20',1),('SV00041','BMA025','T11','2021-08-24',10),('SV00041','BMA025','T114','2021-07-14',4),('SV00041','CS0034','T123','2021-02-05',1),('SV00042','MLD010','T22','2021-03-30',2),('SV00042','MLD010','T24','2021-12-31',1),('SV00044','BMA019','T112','2021-01-16',5),('SV00044','BMA019','T86','2021-04-06',10),('SV00044','MLD005','T36','2021-12-15',0),('SV00045','BMA021','T184','2021-05-16',0),('SV00048','COM001','T35','2021-11-04',8),('SV00048','ST0001','T15','2021-11-28',6),('SV00048','ST0001','T89','2021-12-10',10),('SV00049','CS0009','T106','2021-12-07',8),('SV00050','BMA009','T01','2021-04-18',1),('SV00052','BMA010','T172','2021-07-10',2),('SV00052','BMA010','T186','2021-03-21',4),('SV00053','PD0009','T29','2021-02-03',2),('SV00054','CS0010','T113','2021-11-06',6),('SV00054','CS0010','T144','2021-01-02',8),('SV00054','CS0010','T163','2021-02-09',6),('SV00054','CS0010','T49','2021-02-27',9),('SV00054','CS0028','T131','2021-06-05',8),('SV00054','CS0028','T77','2021-04-18',9),('SV00054','ST0003','T98','2021-03-18',0),('SV00055','BMA020','T124','2021-06-10',6),('SV00055','BMA027','T179','2021-10-22',3),('SV00057','BMA004','T148','2021-07-19',6),('SV00057','BMA004','T168','2021-06-13',9),('SV00057','BMA016','T128','2021-05-11',4),('SV00057','BMA016','T177','2021-08-29',3),('SV00057','BMA016','T50','2021-11-13',8),('SV00057','CS0032','T116','2021-08-22',3),('SV00058','CT0004','T31','2021-05-09',7),('SV00061','ST0002','T162','2021-10-11',6),('SV00065','AE0003','T125','2021-08-17',1),('SV00066','BMA008','T141','2021-10-03',0),('SV00066','BMA008','T88','2021-07-12',3),('SV00066','CS0041','T48','2021-07-31',5),('SV00067','BMA024','T118','2021-03-30',5),('SV00068','EDU001','T66','2021-12-13',9),('SV00070','PD0002','T158','2021-09-08',8),('SV00071','BMA007','T53','2021-02-03',4),('SV00071','BMA027','T133','2021-11-19',3),('SV00071','BMA027','T179','2021-10-20',7),('SV00072','CT0002','T121','2021-03-17',4),('SV00074','BMA003','T20','2021-02-18',6),('SV00074','BMA003','T27','2021-10-01',3),('SV00074','MLD002','T135','2021-09-26',3),('SV00074','MLD002','T145','2021-05-21',10),('SV00074','MLD002','T73','2021-10-16',9),('SV00075','CS0009','T106','2021-06-06',7),('SV00076','CS0033','T52','2021-02-18',2),('SV00077','IRM001','T75','2021-05-12',1),('SV00079','CS0022','T58','2021-10-10',0),('SV00079','SAL009','T188','2021-07-13',7),('SV00080','ST0002','T162','2021-09-04',7),('SV00083','CS0026','T30','2021-03-17',7),('SV00084','PD0006','T84','2021-01-10',6),('SV00085','MLD014','T95','2021-10-25',8),('SV00086','CS0038','T151','2021-09-01',4),('SV00088','BMA031','T111','2021-10-24',5),('SV00089','BMA007','T159','2021-11-29',9),('SV00089','BMA032','T06','2021-06-02',2),('SV00089','BMA032','T190','2021-08-01',8),('SV00089','BMA032','T41','2021-09-08',5),('SV00089','BMA032','T62','2021-12-04',3),('SV00089','PD0006','T84','2021-01-16',2),('SV00091','EDU002','T105','2021-07-20',4),('SV00091','EDU002','T153','2021-08-28',9),('SV00091','EDU002','T79','2021-09-28',7),('SV00091','EDU002','T91','2021-05-26',7),('SV00091','PD0007','T45','2021-11-06',2),('SV00092','BMA013','T176','2021-12-20',4),('SV00093','CS0034','T160','2021-03-05',3),('SV00093','CS0034','T60','2021-06-06',5),('SV00093','CS0034','T94','2021-10-07',4),('SV00095','CS0038','T151','2021-06-08',9),('SV00096','BMA020','T124','2021-04-19',2),('SV00096','CS0025','T101','2021-04-13',2),('SV00096','CS0025','T193','2021-03-27',9),('SV00099','BMA021','T184','2021-08-27',3),('SV00099','BMA021','T47','2021-08-27',7),('SV00099','ST0003','T71','2021-01-27',10),('SV00099','ST0003','T98','2021-11-15',2),('SV00100','BMA032','T06','2021-04-03',5),('SV00100','BMA032','T190','2021-12-05',2),('SV00100','BMA032','T41','2021-08-30',10),('SV00100','BMA032','T62','2021-12-29',10),('SV00102','CS0021','T170','2021-10-27',8),('SV00102','PD0008','T43','2021-06-06',1),('SV00103','BMA018','T93','2021-01-07',6),('SV00103','CT0002','T121','2021-02-09',1),('SV00103','CT0003','T28','2021-03-16',5),('SV00104','BMA013','T176','2021-07-27',10),('SV00104','BMA013','T199','2021-02-15',2),('SV00104','CS0026','T18','2021-11-16',4),('SV00104','CS0026','T30','2021-04-18',3),('SV00105','BMA015','T138','2021-09-12',1),('SV00105','BMA015','T42','2021-03-05',8),('SV00105','BMA015','T83','2021-07-11',6),('SV00106','CS0003','T103','2021-08-13',6),('SV00106','CS0003','T161','2021-10-05',7),('SV00106','CS0003','T68','2021-09-04',0),('SV00106','CS0003','T87','2021-01-15',2),('SV00106','CT0004','T31','2021-09-25',6),('SV00107','SAL004','T26','2021-08-28',10),('SV00108','CS0034','T123','2021-11-21',10),('SV00109','BMA036','T142','2021-05-06',8),('SV00109','PD0007','T45','2021-06-23',6),('SV00110','COM001','T115','2021-06-05',5),('SV00110','COM001','T189','2021-11-26',0),('SV00115','AE0001','T127','2021-06-06',10),('SV00116','MLD010','T152','2021-06-05',5),('SV00116','MLD010','T24','2021-10-16',3),('SV00117','SAL006','T181','2021-11-11',4),('SV00118','BMA007','T37','2021-07-24',1),('SV00119','BMA002','T72','2021-05-15',4),('SV00120','CS0038','T151','2021-09-14',4),('SV00120','PD0013','T17','2021-02-01',7),('SV00121','MLD008','T175','2021-08-18',6),('SV00121','MLD008','T23','2021-12-22',10),('SV00124','CT0001','T149','2021-10-19',7),('SV00124','MLD015','T187','2021-07-06',6),('SV00125','CS0011','T164','2021-03-30',1),('SV00126','CS0030','T67','2021-03-15',3),('SV00127','MLD007','T19','2021-12-30',5),('SV00127','MLD015','T187','2021-03-01',7),('SV00129','BMA024','T118','2021-11-07',5),('SV00129','BMA024','T64','2021-12-20',9),('SV00129','MLD021','T07','2021-05-13',10),('SV00132','BMA022','T100','2021-08-15',5),('SV00134','CS0021','T170','2021-03-08',5),('SV00136','PD0001','T34','2021-03-26',5),('SV00137','COM001','T115','2021-05-25',4),('SV00137','COM001','T189','2021-01-25',6),('SV00137','COM001','T191','2021-05-12',5),('SV00137','COM001','T35','2021-04-05',2),('SV00137','CS0004','T130','2021-06-28',1),('SV00137','CS0004','T157','2021-03-12',2),('SV00137','CS0004','T25','2021-09-05',2),('SV00137','HM001','T178','2021-09-20',8),('SV00137','SAL002','T180','2021-12-04',7),('SV00138','MLD008','T175','2021-03-05',4),('SV00138','MLD008','T23','2021-02-23',10),('SV00142','PD0004','T107','2021-02-23',10),('SV00144','MLD016','T182','2021-01-09',8),('SV00146','BMA038','T63','2021-02-21',5),('SV00146','ST0001','T15','2021-06-11',6),('SV00146','ST0001','T89','2021-02-11',10),('SV00147','CS0040','T54','2021-05-23',3),('SV00147','EDU001','T66','2021-08-29',2),('SV00147','EDU003','T51','2021-12-30',7),('SV00148','CS0022','T58','2021-10-07',6),('SV00149','CS0016','T147','2021-10-02',6),('SV00150','BMA009','T01','2021-04-28',4),('SV00151','BMA019','T86','2021-05-21',9),('SV00152','BMA010','T172','2021-11-13',5),('SV00152','MLD001','T126','2021-02-19',9),('SV00152','MLD001','T174','2021-03-21',5),('SV00153','BMA022','T100','2021-11-01',3),('SV00153','BMA031','T111','2021-10-13',7),('SV00153','PD0004','T107','2021-04-01',10),('SV00153','PD0004','T39','2021-11-16',6),('SV00156','BMA007','T37','2021-10-14',7),('SV00156','BMA033','T183','2021-11-20',1),('SV00156','MLD011','T140','2021-07-10',7),('SV00157','CS0021','T170','2021-02-28',9),('SV00157','CS0021','T44','2021-01-31',1),('SV00158','CS0039','T61','2021-11-21',1),('SV00159','BMA015','T138','2021-03-22',7),('SV00160','CS0033','T52','2021-09-24',1),('SV00162','PD0013','T17','2021-12-25',8),('SV00162','SAL006','T181','2021-02-13',2),('SV00163','MLD007','T19','2021-01-04',0),('SV00163','PD0008','T43','2021-10-09',3),('SV00165','BMA001','T05','2021-06-16',6),('SV00165','CS0016','T147','2021-07-10',2),('SV00165','CS0016','T57','2021-04-28',8),('SV00165','PD0004','T39','2021-09-02',4),('SV00165','PD0009','T29','2021-02-19',3),('SV00165','PD0009','T59','2021-04-10',7),('SV00167','BMA007','T159','2021-09-08',2),('SV00167','BMA007','T37','2021-01-20',8),('SV00167','BMA007','T53','2021-10-26',5),('SV00168','AE0003','T69','2021-09-19',6),('SV00169','CS0024','T74','2021-03-02',10),('SV00170','BMA015','T46','2021-06-30',1),('SV00170','BMA015','T83','2021-02-26',5),('SV00170','BMA025','T114','2021-04-19',1),('SV00170','CS0018','T96','2021-03-14',7),('SV00170','EDU001','T66','2021-07-31',8),('SV00172','MLD010','T152','2021-04-20',1),('SV00172','MLD010','T22','2021-02-17',7),('SV00172','MLD010','T24','2021-01-29',5),('SV00172','MLD021','T07','2021-12-26',10),('SV00172','MLD021','T166','2021-09-25',6),('SV00173','ACE001','T154','2021-11-04',4),('SV00173','BMA016','T128','2021-08-28',2),('SV00173','BMA016','T50','2021-01-02',5),('SV00173','ST0003','T98','2021-03-04',3),('SV00175','BMA027','T40','2021-11-10',8),('SV00176','CT0001','T149','2021-02-22',1);
/*!40000 ALTER TABLE `takes` ENABLE KEYS */;
UNLOCK TABLES;

--
-- Dumping data for table `teaches`
--

LOCK TABLES `teaches` WRITE;
/*!40000 ALTER TABLE `teaches` DISABLE KEYS */;
INSERT INTO `teaches` VALUES ('GV00097','ACE001'),('GV00001','AE0001'),('GV00101','AE0002'),('GV00075','AE0003'),('GV00075','BMA001'),('GV00044','BMA002'),('GV00021','BMA003'),('GV00042','BMA004'),('GV00038','BMA005'),('GV00024','BMA006'),('GV00079','BMA007'),('GV00083','BMA008'),('GV00008','BMA009'),('GV00107','BMA010'),('GV00086','BMA011'),('GV00070','BMA012'),('GV00147','BMA013'),('GV00002','BMA014'),('GV00111','BMA015'),('GV00144','BMA016'),('GV00115','BMA017'),('GV00034','BMA018'),('GV00142','BMA019'),('GV00132','BMA020'),('GV00012','BMA021'),('GV00105','BMA022'),('GV00143','BMA023'),('GV00081','BMA024'),('GV00003','BMA025'),('GV00105','BMA026'),('GV00123','BMA027'),('GV00061','BMA028'),('GV00119','BMA029'),('GV00114','BMA030'),('GV00045','BMA031'),('GV00141','BMA032'),('GV00124','BMA033'),('GV00062','BMA034'),('GV00121','BMA035'),('GV00040','BMA036'),('GV00063','BMA037'),('GV00017','BMA038'),('GV00146','CAS001'),('GV00142','CAS002'),('GV00129','COM001'),('GV00028','CS0001'),('GV00090','CS0002'),('GV00148','CS0003'),('GV00084','CS0004'),('GV00101','CS0005'),('GV00068','CS0006'),('GV00020','CS0007'),('GV00008','CS0008'),('GV00066','CS0009'),('GV00111','CS0010'),('GV00065','CS0011'),('GV00113','CS0012'),('GV00027','CS0013'),('GV00060','CS0014'),('GV00131','CS0015'),('GV00073','CS0016'),('GV00010','CS0017'),('GV00077','CS0018'),('GV00103','CS0019'),('GV00143','CS0020'),('GV00149','CS0021'),('GV00142','CS0022'),('GV00021','CS0023'),('GV00130','CS0024'),('GV00046','CS0025'),('GV00076','CS0026'),('GV00107','CS0027'),('GV00083','CS0028'),('GV00027','CS0029'),('GV00117','CS0030'),('GV00143','CS0031'),('GV00118','CS0032'),('GV00098','CS0033'),('GV00147','CS0034'),('GV00136','CS0035'),('GV00077','CS0036'),('GV00142','CS0037'),('GV00106','CS0038'),('GV00094','CS0039'),('GV00134','CS0040'),('GV00110','CS0041'),('GV00040','CT0001'),('GV00115','CT0002'),('GV00140','CT0003'),('GV00054','CT0004'),('GV00006','EDU001'),('GV00108','EDU002'),('GV00089','EDU003'),('GV00042','EDU004'),('GV00055','GOV001'),('GV00098','GOV002'),('GV00108','HM001'),('GV00010','HM002'),('GV00042','IRM001'),('GV00134','MLD001'),('GV00037','MLD002'),('GV00089','MLD003'),('GV00032','MLD004'),('GV00073','MLD005'),('GV00134','MLD006'),('GV00062','MLD007'),('GV00130','MLD008'),('GV00015','MLD009'),('GV00023','MLD010'),('GV00077','MLD011'),('GV00048','MLD012'),('GV00016','MLD013'),('GV00018','MLD014'),('GV00127','MLD015'),('GV00108','MLD016'),('GV00030','MLD017'),('GV00049','MLD018'),('GV00137','MLD019'),('GV00013','MLD020'),('GV00016','MLD021'),('GV00144','PD0001'),('GV00048','PD0002'),('GV00103','PD0003'),('GV00099','PD0004'),('GV00075','PD0005'),('GV00045','PD0006'),('GV00072','PD0007'),('GV00029','PD0008'),('GV00023','PD0009'),('GV00032','PD0010'),('GV00006','PD0011'),('GV00106','PD0012'),('GV00079','PD0013'),('GV00070','SAL001'),('GV00130','SAL002'),('GV00091','SAL003'),('GV00116','SAL004'),('GV00044','SAL005'),('GV00072','SAL006'),('GV00089','SAL007'),('GV00015','SAL008'),('GV00096','SAL009'),('GV00064','SAL010'),('GV00069','ST0001'),('GV00105','ST0002'),('GV00033','ST0003');
/*!40000 ALTER TABLE `teaches` ENABLE KEYS */;
UNLOCK TABLES;

--
-- Dumping data for table `test`
--

LOCK TABLES `test` WRITE;
/*!40000 ALTER TABLE `test` DISABLE KEYS */;
INSERT INTO `test` VALUES ('ACE001','T154','midterm',150),('AE0001','T127','multiple choice',90),('AE0002','T134','short answer ',75),('AE0003','T04','assignment',90),('AE0003','T125','level test',135),('AE0003','T69','multiple choice',180),('BMA001','T05','quiz',75),('BMA002','T72','oral ',80),('BMA003','T20','interview',180),('BMA003','T27','final',195),('BMA004','T148','writing ',165),('BMA004','T168','short answer ',50),('BMA005','T21','writing ',80),('BMA005','T55','entry',30),('BMA006','T167','practice',165),('BMA007','T159','short answer ',135),('BMA007','T37','entry',15),('BMA007','T53','midterm',200),('BMA008','T119','essay',150),('BMA008','T141','quiz',30),('BMA008','T76','final',90),('BMA008','T88','interview',165),('BMA009','T01','interview',200),('BMA010','T172','quiz',180),('BMA010','T186','entry',135),('BMA010','T82','entry',30),('BMA011','T197','multiple choice',105),('BMA013','T176','writing ',195),('BMA013','T199','level test',135),('BMA015','T104','short answer ',50),('BMA015','T138','practice',105),('BMA015','T42','essay',105),('BMA015','T46','essay',135),('BMA015','T56','short answer ',150),('BMA015','T83','essay',120),('BMA016','T128','practice',45),('BMA016','T177','essay',60),('BMA016','T50','short answer ',120),('BMA018','T93','level test',60),('BMA019','T112','quiz',135),('BMA019','T86','interview',195),('BMA020','T124','oral ',135),('BMA021','T184','level test',105),('BMA021','T47','multiple choice',80),('BMA022','T100','short answer ',15),('BMA023','T102','level test',135),('BMA023','T117','practice',120),('BMA023','T155','entry',90),('BMA023','T195','final',120),('BMA024','T118','final',195),('BMA024','T64','midterm',60),('BMA025','T11','oral ',90),('BMA025','T114','oral ',15),('BMA025','T143','practice',30),('BMA027','T133','multiple choice',60),('BMA027','T179','writing ',45),('BMA027','T40','writing ',45),('BMA031','T111','short answer ',135),('BMA032','T06','assignment',135),('BMA032','T190','final',45),('BMA032','T41','essay',200),('BMA032','T62','interview',135),('BMA033','T183','multiple choice',90),('BMA036','T142','essay',80),('BMA038','T63','entry',150),('CAS002','T38','interview',45),('COM001','T115','essay',195),('COM001','T189','quiz',120),('COM001','T191','interview',200),('COM001','T35','assignment',200),('CS0001','T120','level test',105),('CS0002','T13','entry',75),('CS0002','T81','level test',30),('CS0003','T103','interview',80),('CS0003','T161','level test',195),('CS0003','T68','oral ',75),('CS0003','T87','writing ',150),('CS0004','T130','assignment',165),('CS0004','T157','midterm',120),('CS0004','T25','short answer ',30),('CS0006','T198','multiple choice',45),('CS0007','T33','multiple choice',15),('CS0009','T106','assignment',135),('CS0010','T113','oral ',90),('CS0010','T144','writing ',80),('CS0010','T163','oral ',50),('CS0010','T49','final',90),('CS0011','T164','essay',180),('CS0014','T139','short answer ',45),('CS0016','T147','interview',75),('CS0016','T57','multiple choice',30),('CS0017','T129','entry',15),('CS0018','T96','short answer ',60),('CS0021','T170','interview',165),('CS0021','T44','essay',45),('CS0022','T58','interview',75),('CS0024','T122','short answer ',75),('CS0024','T196','multiple choice',180),('CS0024','T74','final',45),('CS0025','T101','practice',180),('CS0025','T193','short answer ',200),('CS0026','T18','short answer ',75),('CS0026','T30','interview',90),('CS0028','T131','final',195),('CS0028','T70','essay',195),('CS0028','T77','practice',165),('CS0030','T67','writing ',200),('CS0031','T10','interview',135),('CS0031','T136','entry',50),('CS0031','T137','assignment',90),('CS0032','T116','entry',75),('CS0033','T52','essay',60),('CS0034','T123','oral ',180),('CS0034','T160','quiz',200),('CS0034','T60','final',200),('CS0034','T94','assignment',60),('CS0036','T150','interview',135),('CS0037','T165','practice',50),('CS0038','T151','level test',75),('CS0039','T08','assignment',200),('CS0039','T61','quiz',135),('CS0039','T80','short answer ',30),('CS0040','T54','midterm',75),('CS0041','T48','oral ',200),('CT0001','T149','writing ',80),('CT0002','T121','quiz',60),('CT0003','T28','midterm',80),('CT0004','T31','multiple choice',90),('CT0004','T90','essay',45),('EDU001','T66','oral ',180),('EDU002','T105','midterm',120),('EDU002','T132','multiple choice',75),('EDU002','T153','final',75),('EDU002','T79','assignment',75),('EDU002','T91','short answer ',195),('EDU003','T194','level test',90),('EDU003','T51','level test',195),('HM001','T178','entry',150),('HM002','T156','final',165),('HM002','T173','practice',120),('IRM001','T75','final',80),('MLD001','T126','short answer ',90),('MLD001','T174','entry',120),('MLD002','T135','level test',135),('MLD002','T145','short answer ',50),('MLD002','T73','writing ',75),('MLD003','T110','midterm',50),('MLD004','T99','essay',200),('MLD005','T36','short answer ',135),('MLD007','T19','essay',105),('MLD008','T175','multiple choice',60),('MLD008','T23','level test',60),('MLD010','T152','entry',80),('MLD010','T22','essay',165),('MLD010','T24','level test',30),('MLD011','T140','final',45),('MLD012','T97','writing ',80),('MLD013','T32','midterm',165),('MLD014','T95','oral ',50),('MLD015','T187','practice',120),('MLD016','T182','oral ',165),('MLD018','T02','practice',50),('MLD018','T09','assignment',60),('MLD018','T185','practice',30),('MLD018','T85','essay',15),('MLD019','T12','quiz',60),('MLD021','T07','assignment',200),('MLD021','T166','midterm',15),('PD0001','T34','final',195),('PD0002','T158','entry',180),('PD0003','T65','multiple choice',45),('PD0004','T107','essay',90),('PD0004','T39','quiz',135),('PD0005','T16','writing ',195),('PD0006','T84','midterm',195),('PD0007','T146','short answer ',200),('PD0007','T45','assignment',30),('PD0008','T43','level test',45),('PD0009','T29','interview',45),('PD0009','T59','practice',45),('PD0010','T109','entry',195),('PD0010','T169','level test',135),('PD0011','T108','short answer ',50),('PD0013','T17','interview',180),('SAL001','T78','midterm',195),('SAL002','T180','essay',60),('SAL004','T26','level test',90),('SAL006','T181','final',135),('SAL007','T171','short answer ',15),('SAL009','T03','writing ',165),('SAL009','T188','entry',50),('ST0001','T15','level test',75),('ST0001','T89','multiple choice',50),('ST0002','T162','entry',75),('ST0003','T71','final',180),('ST0003','T98','midterm',45);
/*!40000 ALTER TABLE `test` ENABLE KEYS */;
UNLOCK TABLES;

--
-- Dumping data for table `user_system`
--

LOCK TABLES `user_system` WRITE;
/*!40000 ALTER TABLE `user_system` DISABLE KEYS */;
INSERT INTO `user_system` VALUES ('GV00001','9010562357586','MINH	','BUI KIM 	','Male','1982-03-16','946834766','42 DUONG SO 5, TO 4, KHU PHO 1','minh.buikim@gmail.com','123456','minh.buikim@gmail.com'),('GV00002','1925977656557','THU	','BUI THI 	','Female','1987-08-11','908592551','1KHA VAN CAN','thu.buithi@gmail.com','123456','thu.buithi@gmail.com'),('GV00003','8078960416459','ANH	','BUI TUAN 	','Female','1971-01-20','902346631','29/8/11 DUONG 15','anh.buituan@gmail.com','123456','anh.buituan@gmail.com'),('GV00004','4801297428528','THANH	','BUI XUAN 	','Female','1972-09-06','398411311','59C KHA VAN CAN TO 8A KHU PHO 1 ','thanh.buixuan@gmail.com','123456','thanh.buixuan@gmail.com'),('GV00005','2220569271747','HIEN	','CAO PHAM THANH	','Male','1980-02-15','908996386','145/50A QL13 TO 2A KHU PHO 1','hien.caophamthanh@gmail.com','123456','hien.caophamthanh@gmail.com'),('GV00006','4332203291494','NGAN	','CAO THI HAI	','Male','1974-10-11','365720432','4/2 DUONG 11','ngan.caothihai@gmail.com','123456','ngan.caothihai@gmail.com'),('GV00007','5203608284247','GUAN	','CHAI YEONG 	','Female','1978-04-19','989369912','145/502 QL13 TO 2A KHU PHO 1','guan.chaiyeong@gmail.com','123456','guan.chaiyeong@gmail.com'),('GV00008','1692224304218','THANH	','CHAU DAI 	','Male','1983-05-22','389966873','42 DUONG 5 TO 4 KP1','thanh.chaudai@gmail.com','123456','thanh.chaudai@gmail.com'),('GV00009','7789273988235','TRUC	','DANG HOANG 	','Female','1971-01-11','346449294','41/3 DUONG SO 3','truc.danghoang@gmail.com','123456','truc.danghoang@gmail.com'),('GV00010','4631629324575','HANH	','DANG THI MY	','Male','1982-01-04','985398729','145/40 QUOC LO 13, TO 2A, KHU PHO 1','hanh.dangthimy@gmail.com','123456','hanh.dangthimy@gmail.com'),('GV00011','8350156170512','DU	','DAO CAO 	','Male','1977-09-13','936096598','40 DUONG SO 13 TO 3 KHU PHO 1','du.daocao@gmail.com','123456','du.daocao@gmail.com'),('GV00012','4026184709441','HAI	','DAO THIEN 	','Male','1978-03-25','909285503','15/32 DUONG 5','hai.daothien@gmail.com','123456','hai.daothien@gmail.com'),('GV00013','1680243881111','PHONG	','DINH TRAN 	','Male','1984-03-10','349677908','13/16 DUONG 9','phong.dinhtran@gmail.com','123456','phong.dinhtran@gmail.com'),('GV00014','4305062174526','NAM	','DO HOANG 	','Female','1982-08-22','386047802','55 DUONG 7','nam.dohoang@gmail.com','123456','nam.dohoang@gmail.com'),('GV00015','9190311650663','NGUYEN	','DO NGOC THAO	','Male','1989-04-27','822664045','133 DUONG QL13','nguyen.dongocthao@gmail.com','123456','nguyen.dongocthao@gmail.com'),('GV00016','6916843993534','KHUYEN	','DO THI 	','Female','1980-09-23','909060479','23 KHA VAN CAN TO 8B KHU PHO 1 ','khuyen.dothi@gmail.com','123456','khuyen.dothi@gmail.com'),('GV00017','4513750012057','NGAN	','DO THI 	','Female','1975-10-23','907487974','14 DUONG 4 KP1','ngan.dothi@gmail.com','123456','ngan.dothi@gmail.com'),('GV00018','7248000323546','VAN	','DOAN THI TUYET	','Male','1979-03-10','977717537','97 DUONG QL13','van.doanthituyet@gmail.com','123456','van.doanthituyet@gmail.com'),('GV00019','5134866511758','TRUONG	','DOAN XUAN 	','Female','1982-12-19','347436479','1B DUONG 13','truong.doanxuan@gmail.com','123456','truong.doanxuan@gmail.com'),('GV00020','5705200232128','CUONG	','DUONG QUOC 	','Male','1976-02-22','977695930','7 KHA VAN CAN, TO 8B, KHU PHO 1','cuong.duongquoc@gmail.com','123456','cuong.duongquoc@gmail.com'),('GV00021','8884358227479','THUAN	','HO DANG 	','Male','1975-12-10','393068004','41 DUONG 1','thuan.hodang@gmail.com','123456','thuan.hodang@gmail.com'),('GV00022','8996023341464','HAO	','HO HUU 	','Female','1979-04-15','938348655','31/1 DUONG 9','hao.hohuu@gmail.com','123456','hao.hohuu@gmail.com'),('GV00023','4112959752010','THANH	','HO THI THU	','Female','1985-03-12','969704129','145/4, QUOC LO 13, TO 2A, KHU PHO 1, PHUONG HIEP BINH CHANH','thanh.hothithu@gmail.com','123456','thanh.hothithu@gmail.com'),('GV00024','7119158632784','TRINH	','HOANG NU KIEU	','Male','1972-02-06','979922085','41DUONG 3','trinh.hoangnukieu@gmail.com','123456','trinh.hoangnukieu@gmail.com'),('GV00025','7236228156090','ANH	','HOANG QUYNH 	','Female','1970-10-19','978535398','43 DUONG 3','anh.hoangquynh@gmail.com','123456','anh.hoangquynh@gmail.com'),('GV00026','9138459937504','TUNG	','HOANG THANH 	','Male','1973-09-10','903492582','5C DUONG 5 TO 3 KP1','tung.hoangthanh@gmail.com','123456','tung.hoangthanh@gmail.com'),('GV00027','1815879798851','SINH	','HUA DIEP TRUONG	','Female','1978-11-11','988697947','40 DUONG SO 13 KHU PHO 1','sinh.huadieptruong@gmail.com','123456','sinh.huadieptruong@gmail.com'),('GV00028','4062738091207','TAT	','HUYNH 	 ','Male','1990-06-27','938040972','15/26 DUONG SO 5 TO 3 KHU PHO 1','tat.huynh@gmail.com','123456','tat.huynh@gmail.com'),('GV00029','2888806667877','NGHIA	','HUYNH NGOC 	','Female','1985-11-28','785611069','23 DUONG 15, TO 1, KHU PHO 1','nghia.huynhngoc@gmail.com','123456','nghia.huynhngoc@gmail.com'),('GV00030','3431615189107','HUNG	','HUYNH NHAT 	','Female','1988-04-12','934990868','1 DUONG 7','hung.huynhnhat@gmail.com','123456','hung.huynhnhat@gmail.com'),('GV00031','2783273917328','SAC	','HUYNH TANG 	','Female','1974-05-02','978432106','33 DUONG SO 3, TO 6, KHU PHO 1','sac.huynhtang@gmail.com','123456','sac.huynhtang@gmail.com'),('GV00032','4110099761519','DUNG	','HUYNH THANH 	','Male','1974-06-09','356545757','59 DUONG 5','dung.huynhthanh@gmail.com','123456','dung.huynhthanh@gmail.com'),('GV00033','8097729167727','DIEP	','HUYNH THI 	','Male','1979-05-04','908919611','17 DUONG 11, TO 4, KHU PHO 1','diep.huynhthi@gmail.com','123456','diep.huynhthi@gmail.com'),('GV00034','3625162272848','NGA	','HUYNH THI 	','Female','1979-04-04','968089967','111 DUONG QUOC LO 13','nga.huynhthi@gmail.com','123456','nga.huynhthi@gmail.com'),('GV00035','6393910208010','TO	','HUYNH THI 	','Female','1987-02-28','945285282','2/17 DUONG 9','to.huynhthi@gmail.com','123456','to.huynhthi@gmail.com'),('GV00036','1791613733673','THUY	','HUYNH THI CAM	','Female','1986-01-06','971588443','14 DUONG 5','thuy.huynhthicam@gmail.com','123456','thuy.huynhthicam@gmail.com'),('GV00037','8129791266334','LAN	','HUYNH VAN 	','Male','1983-07-26','907785168','Lo C8/2 Duong so 1 To 1 Khu pho 1 Phuong Hiep Binh Chanh','lan.huynhvan@gmail.com','123456','lan.huynhvan@gmail.com'),('GV00038','8569182797663','MINH	','HUYNH VAN 	','Male','1988-03-11','971692692','So 6C Duong so 11 To 3 Khu pho 1 Phuong Hiep Binh Chanh','minh.huynhvan@gmail.com','123456','minh.huynhvan@gmail.com'),('GV00039','9510483934226','TRANG	','KHAU THI YEN	','Male','1988-01-12','974972101','15/9/12  DUONG 5','trang.khauthiyen@gmail.com','123456','trang.khauthiyen@gmail.com'),('GV00040','8470260753646','TUYET	','LAM NHU 	','Male','1985-10-10','903709250','5C DUONG 5 TO 3 KP1','tuyet.lamnhu@gmail.com','123456','tuyet.lamnhu@gmail.com'),('GV00041','2346297313591','PHUONG	','LE MY 	','Female','1985-02-03','334449329','5C DUONG 5','phuong.lemy@gmail.com','123456','phuong.lemy@gmail.com'),('GV00042','7534850939390','DANH	','LE THANH 	','Male','1971-10-07','938469950','11 DUONG 5','danh.lethanh@gmail.com','123456','danh.lethanh@gmail.com'),('GV00043','4609264402722','TY	','LE THI HONG	','Female','1972-02-14','976077889','20 DUONG 11, KHU PHO 1','ty.lethihong@gmail.com','123456','ty.lethihong@gmail.com'),('GV00044','8479997383159','HOA	','LUONG THI 	','Male','1983-11-20','909202576','2/16/9 DUONG SO 9','hoa.luongthi@gmail.com','123456','hoa.luongthi@gmail.com'),('GV00045','1899308073950','DUNG	','LY ANH 	','Female','1975-01-14','902950841','97 DUONG QL13','dung.lyanh@gmail.com','123456','dung.lyanh@gmail.com'),('GV00046','9531970272978','LAM	','LY SON 	','Female','1976-07-27','983451939','8 DUONG 9','lam.lyson@gmail.com','123456','lam.lyson@gmail.com'),('GV00047','7348605350877','KOKO	','MADY 	 ','Female','1987-08-18','813606979','85A KHA VAN CAN','koko.mady@gmail.com','123456','koko.mady@gmail.com'),('GV00048','7369203601092','NGUYEN	','NGO HUYNH 	','Male','1978-11-27','368270322','8 DUONG 10','nguyen.ngohuynh@gmail.com','123456','nguyen.ngohuynh@gmail.com'),('GV00049','3687793487789','DUNG	','NGO QUANG 	','Female','1975-04-07','783601165','42 DUONG SO 5  TO 4 KHU PHO 1','dung.ngoquang@gmail.com','123456','dung.ngoquang@gmail.com'),('GV00050','2323082270237','VINH	','NGO THE 	','Male','1974-10-13','343219308','145/34 DUONG QUOC LO 13','vinh.ngothe@gmail.com','123456','vinh.ngothe@gmail.com'),('GV00051','5497039562111','TRONG	','NGUYEN 	 ','Female','1974-01-14','988979156','133 KHA VAN CAN TO 8A KHU PHO 1 ','trong.nguyen@gmail.com','123456','trong.nguyen@gmail.com'),('GV00052','6413349123970','NINH	','NGUYEN DOAN 	','Female','1990-09-18','938204654','14/20 DUONG 9','ninh.nguyendoan@gmail.com','123456','ninh.nguyendoan@gmail.com'),('GV00053','7454048894806','DUONG	','NGUYEN DUC 	','Male','1978-08-22','932663712','49 KHA VAN CAN','duong.nguyenduc@gmail.com','123456','duong.nguyenduc@gmail.com'),('GV00054','5410484081755','UYEN	','NGUYEN GIA MAI	','Female','1981-02-11','965021856','42 DUONG 7','uyen.nguyengiamai@gmail.com','123456','uyen.nguyengiamai@gmail.com'),('GV00055','2920246668069','DUY	','NGUYEN HOANG 	','Male','1987-05-02','902659247','5 DUONG 3','duy.nguyenhoang@gmail.com','123456','duy.nguyenhoang@gmail.com'),('GV00056','4916092660552','NAM	','NGUYEN HONG 	','Female','1975-02-15','348291983','55, DUONG 7, TO 2B, KHU PHO 1, PHUONG HIEP BINH CHANH','nam.nguyenhong@gmail.com','123456','nam.nguyenhong@gmail.com'),('GV00057','8089315624217','CUONG	','NGUYEN HUNG 	','Male','1974-02-14','935438538','23A DUONG 11 TO 4 KP1','cuong.nguyenhung@gmail.com','123456','cuong.nguyenhung@gmail.com'),('GV00058','7987001482357','NGAN	','NGUYEN KIM 	','Male','1988-05-14','358216955','97/1 KHA VAN CAN TO 8 KHU PHO 1 ','ngan.nguyenkim@gmail.com','123456','ngan.nguyenkim@gmail.com'),('GV00059','2829669108237','HUNH	','NGUYEN MANH 	','Female','1990-09-26','358542146','173A, QUOC LO 13, TO 2A, KHU PHO 1, PHUONG HIEP BINH CHANH','hunh.nguyenmanh@gmail.com','123456','hunh.nguyenmanh@gmail.com'),('GV00060','9620699466649','DUC	','NGUYEN MINH 	','Female','1987-10-22','934164756','167 DUONG QUOC LO 13','duc.nguyenminh@gmail.com','123456','duc.nguyenminh@gmail.com'),('GV00061','3059665045540','QUANG	','NGUYEN MINH 	','Female','1981-10-26','949835674','20A DUONG 11','quang.nguyenminh@gmail.com','123456','quang.nguyenminh@gmail.com'),('GV00062','1190639574018','THUAN	','NGUYEN MINH 	','Female','1973-09-10','963195163','53A DUONG SO 7, TO 2B, KHU PHO 1','thuan.nguyenminh@gmail.com','123456','thuan.nguyenminh@gmail.com'),('GV00063','5896592425974','THUC	','NGUYEN MINH 	','Male','1982-10-26','986686737','33/1 DUONG 11','thuc.nguyenminh@gmail.com','123456','thuc.nguyenminh@gmail.com'),('GV00064','3432696571487','HOA	','NGUYEN NGOC 	','Female','1984-05-24','775707715','69 KHA VAN CAN','hoa.nguyenngoc@gmail.com','123456','hoa.nguyenngoc@gmail.com'),('GV00065','8432901832172','QUI	','NGUYEN NGOC 	','Male','1976-08-28','966330166','101 QUOC LO 13, TO 7, KHU PHO 1','qui.nguyenngoc@gmail.com','123456','qui.nguyenngoc@gmail.com'),('GV00066','6140331313455','LONG	','NGUYEN PHI 	','Female','1984-05-06','935930189','27 DUONG 9','long.nguyenphi@gmail.com','123456','long.nguyenphi@gmail.com'),('GV00067','4903224431089','THAO	','NGUYEN THANH 	','Male','1983-08-20','978652507','29/14  DUONG 15','thao.nguyenthanh@gmail.com','123456','thao.nguyenthanh@gmail.com'),('GV00068','1482752204458','TUNG	','NGUYEN THANH 	','Male','1979-05-06','906419996','6/1 DUONG 11','tung.nguyenthanh@gmail.com','123456','tung.nguyenthanh@gmail.com'),('GV00069','1814060023682','LONG	','NGUYEN THANH 	','Female','1983-10-06','834226516','18 DUONG SO 11 TO 1 KHU PHO 1 ','long.nguyenthanh@gmail.com','123456','long.nguyenthanh@gmail.com'),('GV00070','4489563977157','DUNG	','NGUYEN THE 	','Female','1975-10-14','399868246','38 DUONG 13, KHU PHO 1','dung.nguyenthe@gmail.com','123456','dung.nguyenthe@gmail.com'),('GV00071','1443235135907','AN	','NGUYEN THI 	','Male','1985-05-08','327110831','27/13, KHU PHO 1','an.nguyenthi@gmail.com','123456','an.nguyenthi@gmail.com'),('GV00072','5398274960949','DIEM	','NGUYEN THI 	','Male','1984-05-22','363754225','8/15 DUONG SO 3 TO 7 KHU PHO 1','diem.nguyenthi@gmail.com','123456','diem.nguyenthi@gmail.com'),('GV00073','4331347400434','HA	','NGUYEN THI 	','Female','1974-01-19','386623047','41/3 DUONG SO 3 TO 6 KHU PHO 1 ','ha.nguyenthi@gmail.com','123456','ha.nguyenthi@gmail.com'),('GV00074','9604859839265','LINH	','NGUYEN THI 	','Female','1987-06-13','906782405','39 KHA VAN CAN, TO 8B, KHU PHO 1','linh.nguyenthi@gmail.com','123456','linh.nguyenthi@gmail.com'),('GV00075','3396249245176','LUAN	','NGUYEN THI 	','Female','1984-04-13','906796501','89 QUOC LO 13, TO 7, KHU PHO 1','luan.nguyenthi@gmail.com','123456','luan.nguyenthi@gmail.com'),('GV00076','2088664360705','MAN	','NGUYEN THI 	','Female','1974-05-25','908919611','163/1 DUONG QL13','man.nguyenthi@gmail.com','123456','man.nguyenthi@gmail.com'),('GV00077','9179635076008','NGUYET	','NGUYEN THI 	','Female','1975-11-03','918655990','62 DUONG 3','nguyet.nguyenthi@gmail.com','123456','nguyet.nguyenthi@gmail.com'),('GV00078','7578889422625','OANH	','NGUYEN THI 	','Female','1977-04-28','933619779','145/40 DUONG 13','oanh.nguyenthi@gmail.com','123456','oanh.nguyenthi@gmail.com'),('GV00079','1770147538892','THUY	','NGUYEN THI 	','Male','1978-07-18','966669647','6A DUONG 3','thuy.nguyenthi@gmail.com','123456','thuy.nguyenthi@gmail.com'),('GV00080','2303661679581','DAO	','NGUYEN THI ANH	','Male','1988-06-16','765227027','31 DUONG 13','dao.nguyenthianh@gmail.com','123456','dao.nguyenthianh@gmail.com'),('GV00081','8890399849362','HOA	','NGUYEN THI CONG	','Male','1973-02-13','356790511','23 DUONG KHA VAN CAN, TO 8B KP1','hoa.nguyenthicong@gmail.com','123456','hoa.nguyenthicong@gmail.com'),('GV00082','3336263743077','DIEU	','NGUYEN THI HANH	','Male','1976-03-13','906964680','21 DUONG 11','dieu.nguyenthihanh@gmail.com','123456','dieu.nguyenthihanh@gmail.com'),('GV00083','2180824923553','LY	','NGUYEN THI HOAI	','Male','1980-01-27','794553939','25A DUONG 11','ly.nguyenthihoai@gmail.com','123456','ly.nguyenthihoai@gmail.com'),('GV00084','9820769348503','HUONG	','NGUYEN THI HOANG	','Female','1984-05-11','986544128','173A DUONG QL13','huong.nguyenthihoang@gmail.com','123456','huong.nguyenthihoang@gmail.com'),('GV00085','9194086724790','DUNG	','NGUYEN THI KIM	','Female','1974-10-24','769994734','45/4B DUONG 9','dung.nguyenthikim@gmail.com','123456','dung.nguyenthikim@gmail.com'),('GV00086','9479184609125','PHUONG	','NGUYEN THI KIM	','Male','1974-03-14','942300203','19 DUONG 1','phuong.nguyenthikim@gmail.com','123456','phuong.nguyenthikim@gmail.com'),('GV00087','6798712677595','OANH	','NGUYEN THI LE	','Male','1982-07-11','937491305','69 KHA VAN CAN','oanh.nguyenthile@gmail.com','123456','oanh.nguyenthile@gmail.com'),('GV00088','5507029394554','LY	','NGUYEN THI MY	','Male','1988-04-20','326094712','133 DUONG QL13','ly.nguyenthimy@gmail.com','123456','ly.nguyenthimy@gmail.com'),('GV00089','3696324868352','BANG	','NGUYEN THI NGOC	','Male','1986-02-06','375969653','12A, DUONG 5, TO 4, KHU PHO 1','bang.nguyenthingoc@gmail.com','123456','bang.nguyenthingoc@gmail.com'),('GV00090','7151830062908','EM	','NGUYEN THI NGOC	','Male','1977-12-10','386559982','95  DUONG QL13','em.nguyenthingoc@gmail.com','123456','em.nguyenthingoc@gmail.com'),('GV00091','1486715111238','TUYET	','NGUYEN THI NGOC	','Male','1975-11-11','986347889','15/11 DUONG 13','tuyet.nguyenthingoc@gmail.com','123456','tuyet.nguyenthingoc@gmail.com'),('GV00092','7026640331051','HIEN	','NGUYEN THI THU	','Male','1976-06-11','903351398','14 DUONG 5','hien.nguyenthithu@gmail.com','123456','hien.nguyenthithu@gmail.com'),('GV00093','6511789988616','THAO	','NGUYEN THI THU	','Male','1976-06-19','964858443','46 DUONG 5','thao.nguyenthithu@gmail.com','123456','thao.nguyenthithu@gmail.com'),('GV00094','4664372937851','TRANG	','NGUYEN THI THUY	','Female','1977-10-03','906660047','21 DUONG 11','trang.nguyenthithuy@gmail.com','123456','trang.nguyenthithuy@gmail.com'),('GV00095','9271111430819','MAI	','NGUYEN THI TUYET	','Female','1975-01-19','703202570','27 DUONG 13','mai.nguyenthituyet@gmail.com','123456','mai.nguyenthituyet@gmail.com'),('GV00096','5971473403183','HIEN	','NGUYEN THUONG 	','Male','1976-01-13','772271293','57 DUONG KHA VAN CAN','hien.nguyenthuong@gmail.com','123456','hien.nguyenthuong@gmail.com'),('GV00097','9684252009236','LAM	','NGUYEN TUNG 	','Male','1978-01-26','985849639','5 DUONG 3','lam.nguyentung@gmail.com','123456','lam.nguyentung@gmail.com'),('GV00098','6694791553311','VY	','NGUYEN TUONG 	','Male','1972-05-27','327034630','42 DUONG 5, TO 4, KHU PHO 1','vy.nguyentuong@gmail.com','123456','vy.nguyentuong@gmail.com'),('GV00099','2095088738015','BAY	','NGUYEN VAN 	','Male','1990-04-25','333948826','58/2A DUONG SO 5, TO 4, KHU PHO 1','bay.nguyenvan@gmail.com','123456','bay.nguyenvan@gmail.com'),('GV00100','1889307020647','CAM	','NGUYEN VAN 	','Female','1972-04-09','334960100','133D KHA VAN CAN TO 8A KHU PHO 1 ','cam.nguyenvan@gmail.com','123456','cam.nguyenvan@gmail.com'),('GV00101','7502331464551','CANH	','NGUYEN VAN 	','Female','1971-01-17','348291983','145/150A QL13','canh.nguyenvan@gmail.com','123456','canh.nguyenvan@gmail.com'),('GV00102','7850913343403','HA	','NGUYEN VAN 	','Female','1986-03-05','393192822','53A DUONG KHA VAN CAN','ha.nguyenvan@gmail.com','123456','ha.nguyenvan@gmail.com'),('GV00103','3016482565944','HIEN	','NGUYEN VAN 	','Female','1977-07-02','906262586','29 DUONG 11','hien.nguyenvan@gmail.com','123456','hien.nguyenvan@gmail.com'),('GV00104','1308704497052','TAN	','NGUYEN VAN 	','Female','1980-09-06','941970265','33/2 DUONG 11, KHU PHO 1','tan.nguyenvan@gmail.com','123456','tan.nguyenvan@gmail.com'),('GV00105','8856817874697','THO	','NGUYEN VAN 	','Male','1985-07-17','967700002','15/19 DUONG 5 TO 6 KP1','tho.nguyenvan@gmail.com','123456','tho.nguyenvan@gmail.com'),('GV00106','1656918812273','TIEN	','NGUYEN VAN 	','Female','1976-05-08','968441687','161-163 QUOC LO 13, TO 2A, KHU PHO 1','tien.nguyenvan@gmail.com','123456','tien.nguyenvan@gmail.com'),('GV00107','9235691061235','CUONG	','NGUYEN VIET 	','Male','1970-06-02','934045349','43 DUONG 3','cuong.nguyenviet@gmail.com','123456','cuong.nguyenviet@gmail.com'),('GV00108','9925316267751','HIEU	','NUYEN THI HONG	','Male','1973-03-19','987502043','165/10, DUONG QL3, TO 1 KP1','hieu.nuyenthihong@gmail.com','123456','hieu.nuyenthihong@gmail.com'),('GV00109','5956797085125','VUONG	','PHAM 	 ','Male','1989-06-09','901105565','58/12 DUONG SO 5, TO 4, KHU PHO 1','vuong.pham@gmail.com','123456','vuong.pham@gmail.com'),('GV00110','7349175080291','PHONG	','PHAM DUY 	','Female','1986-04-13','913692532','39 KHA VAN CAN','phong.phamduy@gmail.com','123456','phong.phamduy@gmail.com'),('GV00111','2979540825831','LINH	','PHAM HOAI KHANH	','Female','1971-08-22','868011784','42 DUONG 5','linh.phamhoaikhanh@gmail.com','123456','linh.phamhoaikhanh@gmail.com'),('GV00112','3925874673534','KHANH	','PHAM HONG 	','Male','1979-10-01','933191247','45/4B DUONG 9, TO 2B, KHU PHO 1','khanh.phamhong@gmail.com','123456','khanh.phamhong@gmail.com'),('GV00113','5178877698658','KHOI	','PHAM MANH 	','Female','1990-05-19','935930189','1 DUONG SO 5, TO 3, KHU PHO 1','khoi.phammanh@gmail.com','123456','khoi.phammanh@gmail.com'),('GV00114','6835078915502','SON	','PHAM NGOC 	','Female','1989-08-15','869753358','22 DUONG 15','son.phamngoc@gmail.com','123456','son.phamngoc@gmail.com'),('GV00115','2117235140254','LUAT	','PHAM QUANG 	','Female','1972-08-06','984567479','24 DUONG 15','luat.phamquang@gmail.com','123456','luat.phamquang@gmail.com'),('GV00116','3783960637407','OANH	','PHAM THI 	','Male','1989-06-23','938777615','97/2 DUONG KHA VAN CAN','oanh.phamthi@gmail.com','123456','oanh.phamthi@gmail.com'),('GV00117','9503614948252','XUAN	','PHAM THI 	','Female','1974-09-13','906104439','KHA VAN CAN TO 8B KP1','xuan.phamthi@gmail.com','123456','xuan.phamthi@gmail.com'),('GV00118','6155067588107','LOAN	','PHAM THI HONG	','Female','1985-05-09','704591703','145/40 DUONG QUOC LO 13','loan.phamthihong@gmail.com','123456','loan.phamthihong@gmail.com'),('GV00119','7860437885554','HANH	','PHAM THI THU	','Female','1975-09-06','905826123','3 DUONG 3','hanh.phamthithu@gmail.com','123456','hanh.phamthithu@gmail.com'),('GV00120','3005796760994','LOAN	','PHAM THI THU	','Male','1984-11-17','973444018','12 DUONG 13','loan.phamthithu@gmail.com','123456','loan.phamthithu@gmail.com'),('GV00121','1734075867534','DAO	','PHAM THI TRUC	','Female','1985-09-05','909359858','23A KHA VAN CAN TO 8B KHU PHO 1','dao.phamthitruc@gmail.com','123456','dao.phamthitruc@gmail.com'),('GV00122','7788394859047','ANH	','PHAN HOANG 	','Female','1971-03-16','908502420','4 KHA VAN CAN','anh.phanhoang@gmail.com','123456','anh.phanhoang@gmail.com'),('GV00123','5045678275497','PHONG	','PHAN THI THU	','Female','1983-06-11','395656935','24/17 DUONG 9','phong.phanthithu@gmail.com','123456','phong.phanthithu@gmail.com'),('GV00124','1297192206644','HAU	','PHAN TRUNG 	','Female','1985-02-01','336385084','123B KHA VAN CAN','hau.phantrung@gmail.com','123456','hau.phantrung@gmail.com'),('GV00125','7872762633429','HIEU	','PHAN VAN 	','Male','1977-02-05','379618946','43 DUONG 3','hieu.phanvan@gmail.com','123456','hieu.phanvan@gmail.com'),('GV00126','3511978435177','LONG	','PHUNG HOANG 	','Male','1983-02-19','913679878','24 Duong so 15 To 5 Khu pho 1 Phuong Hiep Binh Chanh ','long.phunghoang@gmail.com','123456','long.phunghoang@gmail.com'),('GV00127','1515043777495','NGUYEN	','PHUONG CAO 	','Male','1972-09-28','989126453','210 DUONG 13','nguyen.phuongcao@gmail.com','123456','nguyen.phuongcao@gmail.com'),('GV00128','3587057934631','TRANG	','TAN NHU 	','Male','1984-06-22','918303468','8 DUONG 15 TO 5 KP1','trang.tannhu@gmail.com','123456','trang.tannhu@gmail.com'),('GV00129','7592816800533','HUE	','TONG THI 	','Male','1980-11-27','916439278','133B KHA VAN CAN','hue.tongthi@gmail.com','123456','hue.tongthi@gmail.com'),('GV00130','5554834573261','NGOC	','TRAN BAO 	','Female','1974-08-10','935175740','45/7 DUONG 9','ngoc.tranbao@gmail.com','123456','ngoc.tranbao@gmail.com'),('GV00131','7846943571793','SANG	','TRAN BAO 	','Female','1977-12-24','786383606','4/16 DUONG 11','sang.tranbao@gmail.com','123456','sang.tranbao@gmail.com'),('GV00132','9747720275170','HUNG	','TRAN CONG 	','Female','1985-04-20','939313707','60 DUONG 3','hung.trancong@gmail.com','123456','hung.trancong@gmail.com'),('GV00133','7457884127520','CHIEN	','TRAN DINH 	','Male','1979-03-12','373847193','38/12 DUONG 3','chien.trandinh@gmail.com','123456','chien.trandinh@gmail.com'),('GV00134','6418821030079','DUONG	','TRAN DINH 	','Male','1979-09-17','974291006','31/1 DUONG 15, TO 5, KHU PHO 1','duong.trandinh@gmail.com','123456','duong.trandinh@gmail.com'),('GV00135','6447587624720','TRI	','TRAN HUU 	','Female','1983-07-06','969132128','X','tri.tranhuu@gmail.com','123456','tri.tranhuu@gmail.com'),('GV00136','5440261499703','VUONG	','TRAN KIM 	','Female','1986-06-22','349667678','71 KHA VAN CAN','vuong.trankim@gmail.com','123456','vuong.trankim@gmail.com'),('GV00137','9476230633589','NGAN	','TRAN NGOC 	','Female','1989-01-22','931879883','22 DUONG 1','ngan.tranngoc@gmail.com','123456','ngan.tranngoc@gmail.com'),('GV00138','3694355389799','VAN	','TRAN NHAT 	','Female','1990-11-26','974324371','3 DUONG 11 TO 4 KHU PHO 1 ','van.trannhat@gmail.com','123456','van.trannhat@gmail.com'),('GV00139','5405806056151','TRIET	','TRAN ONG MINH	','Male','1971-05-27','378331539','8/27 Duong so 3 To 7 Khu pho 1 Phuong Hiep Binh Chanh','triet.tranongminh@gmail.com','123456','triet.tranongminh@gmail.com'),('GV00140','6515911500157','HA	','TRAN PHAM THANH	','Male','1982-10-12','904417136','15/21 DUONG 5','ha.tranphamthanh@gmail.com','123456','ha.tranphamthanh@gmail.com'),('GV00141','6554614826274','LINH	','TRAN QUOC 	','Female','1981-09-01','767212832','12 DUONG 13, TO 5, KHU PHO 1, PHUONG HIEP BINH CHANH','linh.tranquoc@gmail.com','123456','linh.tranquoc@gmail.com'),('GV00142','8845005484305','BUP	','TRAN THI 	','Male','1982-08-13','389966873','42 DUONG SO 5 TO 4 KHU PHO 1 ','bup.tranthi@gmail.com','123456','bup.tranthi@gmail.com'),('GV00143','4576154201867','HIEN	','TRAN THI 	','Male','1977-05-14','908071899','14 DUONG 5','hien.tranthi@gmail.com','123456','hien.tranthi@gmail.com'),('GV00144','5839011066423','THU	','TRAN THI HONG	','Female','1977-10-25','917567378','63/5 DUONG 16','thu.tranthihong@gmail.com','123456','thu.tranthihong@gmail.com'),('GV00145','4375699889021','HOA	','TRAN THOAI 	','Female','1986-06-27','376941589','28 DS6 KHU PHO 2 PHUONG HIEP BINH PHUOC','hoa.tranthoai@gmail.com','123456','hoa.tranthoai@gmail.com'),('GV00146','2163715411538','ANH	','TRAN TUAN 	','Female','1970-07-17','775707715','43 DUONG 11','anh.trantuan@gmail.com','123456','anh.trantuan@gmail.com'),('GV00147','2103830090035','NHAT	','TRAN VAN 	','Female','1987-02-02','937275792','24/3 DUONG SO 9 TO 1B KHU PHO 1','nhat.tranvan@gmail.com','123456','nhat.tranvan@gmail.com'),('GV00148','8252151622376','TRINH	','TRUONG QUANG 	','Female','1980-07-16','983884660','135B KHA VAN CAN','trinh\\.truongquang@gmail.com','123456','trinh\\.truongquang@gmail.com'),('GV00149','8717857739982','THAT	','TRUONG THI 	','Male','1978-09-24','937402775','15/913DUONG 5','that.truongthi@gmail.com','123456','that.truongthi@gmail.com'),('GV00150','1391858485318','DUNG	','TRUONG TIEN 	','Female','1990-11-24','703550439','33/1 DUONG 11','dung.truongtien@gmail.com','123456','dung.truongtien@gmail.com'),('HT00001','9823688071966','HUNG	','BUI 	 ','Female','1983-05-06','937016040','7 DUONG 3','hung.bui@gmail.com','123456','hung.bui@gmail.com'),('HT00002','5799000706023','THIET	','BUI DINH 	','Male','1980-02-11','979781344','4/16/1 DUONG 11','thiet.buidinh@gmail.com','123456','thiet.buidinh@gmail.com'),('HT00003','8752575477483','TUYEN	','BUI DUC 	','Female','1981-01-18','908249569','26A DUONG SO 9, TO 1B, KHU PHO 1','tuyen.buiduc@gmail.com','123456','tuyen.buiduc@gmail.com'),('HT00004','8369125179966','KIEU	','BUI THI KIM	','Male','1992-06-12','369026075','29/8/7 DUONG 15','kieu.buithikim@gmail.com','123456','kieu.buithikim@gmail.com'),('HT00005','8723018005293','DUNG	','CAO VAN 	','Female','1984-06-01','377009461','15/13 DUONG SO 5, KHU PHO 1, PHUONG HIEP BINH CHANH','dung.caovan@gmail.com','123456','dung.caovan@gmail.com'),('HT00006','2565914815848','KHOA	','CHAU ANH 	','Male','1980-11-16','385213090','31/9A DUONG SO 7, KHU PHO 1','khoa.chauanh@gmail.com','123456','khoa.chauanh@gmail.com'),('HT00007','4649064511160','HANH	','CHAU THI 	','Male','1988-06-02','374816031','15/28A DUONG 5 KP1','hanh.chauthi@gmail.com','123456','hanh.chauthi@gmail.com'),('HT00008','4259518051834','DUYEN	','CHAU THI HONG	','Male','1981-10-02','932123544','29/8/1 DUONG 15','duyen.chauthihong@gmail.com','123456','duyen.chauthihong@gmail.com'),('HT00009','5325223616338','PHI	','CUNG KIEU 	','Male','1992-06-05','396095092','8/54B KHA VAN CAN, KHU PHO 1','phi.cungkieu@gmail.com','123456','phi.cungkieu@gmail.com'),('HT00010','6720296360139','VUI	','DANG CONG 	','Male','1993-06-12','976710048','24/1 DUONG SO 5 TO 3 KHU PHO 1','vui.dangcong@gmail.com','123456','vui.dangcong@gmail.com'),('HT00011','3447384532276','CUONG	','DANG HUNG 	','Female','1993-07-22','978459607','103 DUONG QL13 KP3','cuong.danghung@gmail.com','123456','cuong.danghung@gmail.com'),('HT00012','5482798201893','BA	','DANG THE 	','Male','1984-12-10','389627710','13 DUONG 13','ba.dangthe@gmail.com','123456','ba.dangthe@gmail.com'),('HT00013','6725959293823','TIEN	','DANG VAN 	','Male','1984-03-14','357213336','145/40 DUONG QL13','tien.dangvan@gmail.com','123456','tien.dangvan@gmail.com'),('HT00014','2747181390047','SON	','DAO HOANG 	','Male','1981-09-13','868610335','38/5 DUONG 3','son.daohoang@gmail.com','123456','son.daohoang@gmail.com'),('HT00015','2120348952539','KHANH	','DAO QUANG 	','Male','1992-04-18','385704550','14 Duong so 1 To 5 Khu pho 1 Phuong Hiep Binh Chanh','khanh.daoquang@gmail.com','123456','khanh.daoquang@gmail.com'),('HT00016','5562828847160','THUONG	','DINH HOAI 	','Male','1981-04-16','906876367','97 KHA VAN CAN','thuong.dinhhoai@gmail.com','123456','thuong.dinhhoai@gmail.com'),('HT00017','3763732259880','LUYEN	','DINH THI 	','Female','1984-05-04','932232460','19/7 DUONG 15, TO 5, KHU PHO 1','luyen.dinhthi@gmail.com','123456','luyen.dinhthi@gmail.com'),('HT00018','1999059470877','HUY	','DO THAI ANH	','Male','1984-07-13','938359054','42 DUONG 5','huy.dothaianh@gmail.com','123456','huy.dothaianh@gmail.com'),('HT00019','7009528595809','THANH	','DO THI 	','Female','1993-05-10','857513837','6C DUONG 11','thanh.dothi@gmail.com','123456','thanh.dothi@gmail.com'),('HT00020','1958317309604','HUYEN	','DO THI 	','Male','1984-05-10','902257845','131D DUONG KHA VAN CAN TO 8A KP1','huyen.dothi@gmail.com','123456','huyen.dothi@gmail.com'),('HT00021','5881402966633','MAI	','DO THI HONG	','Female','1984-11-16','903349886','163/1 QUOC LO 13, TO 2, KHU PHO 1, PHUONG HIEP BINH CHANH','mai.dothihong@gmail.com','123456','mai.dothihong@gmail.com'),('HT00022','3353731257885','LICH	','DO VAN 	','Male','1988-05-21','982502817','19 DUONG 1','lich.dovan@gmail.com','123456','lich.dovan@gmail.com'),('HT00023','6015075768381','CUONG	','DUONG HUNG 	','Male','1985-11-07','346190100','29/08/1 DUONG SO 15 TO 5 KHU PHO 1','cuong.duonghung@gmail.com','123456','cuong.duonghung@gmail.com'),('HT00024','7285102877411','DUYEN	','HA THI HAI	','Female','1992-09-24','902413567','101  DUONG QL13','duyen.hathihai@gmail.com','123456','duyen.hathihai@gmail.com'),('HT00025','9840331631918','TIEN	','HOANG THI CAM	','Male','1990-06-08','345584060','10 DUONG 15 TO 5 KHU PHO 1 ','tien.hoangthicam@gmail.com','123456','tien.hoangthicam@gmail.com'),('HT00026','4589740920810','CUONG	','HOANG VAN 	','Female','1984-11-12','364848338','13/12C DUONG 9','cuong.hoangvan@gmail.com','123456','cuong.hoangvan@gmail.com'),('HT00027','7946863407029','THU	','HUYNH THI CAM	','Male','1988-02-28','964684974','2/13 DUONG 9','thu.huynhthicam@gmail.com','123456','thu.huynhthicam@gmail.com'),('HT00028','5537657740419','OANH	','HUYNH THI KIEU	','Male','1982-11-26','932675807','16 DUONG SO 9, TO 3, KHU PHO 1','oanh.huynhthikieu@gmail.com','123456','oanh.huynhthikieu@gmail.com'),('HT00029','3616139313522','PHUNG	','HUYNH THI KIM	','Male','1994-04-09','941205804','43 DUONG 11, TO 4, KHU PHO 1','phung.huynhthikim@gmail.com','123456','phung.huynhthikim@gmail.com'),('HT00030','9443598672294','DUNG	','HUYNH THI MY	','Female','1984-03-24','393523627','27 DUONG 13, TO 4, KHU PHO 1','dung.huynhthimy@gmail.com','123456','dung.huynhthimy@gmail.com'),('HT00031','7625425250789','HAU	','HUYNH VAN 	','Female','1990-08-05','903303186','4 DUONG SO 5','hau.huynhvan@gmail.com','123456','hau.huynhvan@gmail.com'),('HT00032','1596354603040','OANH	','LAM NHU 	','Female','1993-07-21','981019844','43 DUONG SO 11, TO 4, KHU PHO 1','oanh.lamnhu@gmail.com','123456','oanh.lamnhu@gmail.com'),('HT00033','1998562117929','THIEN	','LE DINH 	','Male','1995-06-02','934164756','42, DUONG 42, TO 4, KHU PHO 1','thien.ledinh@gmail.com','123456','thien.ledinh@gmail.com'),('HT00034','5372895995379','QUE	','LE DONG 	','Male','1985-10-06','902655409','28 DUONG SO 1 KHU PHO 1 ','que.ledong@gmail.com','123456','que.ledong@gmail.com'),('HT00035','2469884036294','TRUC	','LE MINH PHUONG	','Male','1995-11-19','983533205','29/14 DUONG 15','truc.leminhphuong@gmail.com','123456','truc.leminhphuong@gmail.com'),('HT00036','8853271737436','LOC	','LE PHAT 	','Female','1984-05-11','983977837','1310 KHA VAN CAN','loc.lephat@gmail.com','123456','loc.lephat@gmail.com'),('HT00037','1645000169187','SI	','LE THI HOANG	','Male','1986-01-11','903709250','16/11 DUONG 5 TO 3 KP1','si.lethihoang@gmail.com','123456','si.lethihoang@gmail.com'),('HT00038','6072412944679','LIEU	','LE THI HONG	','Male','1989-02-18','938341612','39 DUONG SO 1 TO  KHU PHO 1','lieu.lethihong@gmail.com','123456','lieu.lethihong@gmail.com'),('HT00039','3169718110929','TRUC	','LE THI THANH	','Male','1986-10-04','908331281','26 DUONG 15','truc.lethithanh@gmail.com','123456','truc.lethithanh@gmail.com'),('HT00040','9657352133628','PHUC	','LUONG HUU 	','Male','1980-12-14','355223850','62 DUONG 3','phuc.luonghuu@gmail.com','123456','phuc.luonghuu@gmail.com'),('HT00041','1906465320047','DIEN	','LUONG QUANG 	','Male','1988-12-18','767543471','134 KHA VAN CAN','dien.luongquang@gmail.com','123456','dien.luongquang@gmail.com'),('HT00042','3733211671977','VAN	','LY THI 	','Male','1983-06-26','37289264','147B DUONG KHA VAN CAN','van.lythi@gmail.com','123456','van.lythi@gmail.com'),('HT00043','4573658676743','NHAN	','NGO HOAI 	','Male','1983-11-03','913140526','33 DUONG SO 3, TO 6, KHU PHO 1','nhan.ngohoai@gmail.com','123456','nhan.ngohoai@gmail.com'),('HT00044','3892693477070','HUNG	','NGO QUANG 	','Male','1983-07-01','898430332','58/12 DUONG 5 ','hung.ngoquang@gmail.com','123456','hung.ngoquang@gmail.com'),('HT00045','4269795236150','KHOA	','NGO QUANG DANG	','Female','1990-07-05','984083524','28  DUONG 5','khoa.ngoquangdang@gmail.com','123456','khoa.ngoquangdang@gmail.com'),('HT00046','1487757852185','SANG	','NGO THI KIM	','Female','1988-06-08','987636004','145/34 QUOC LO 13, TO 2A, KHU PHO 1','sang.ngothikim@gmail.com','123456','sang.ngothikim@gmail.com'),('HT00047','8834471686398','SON	','NGUYEN 	 ','Male','1982-11-19','989771255','51/5 DUONG 7','son.nguyen@gmail.com','123456','son.nguyen@gmail.com'),('HT00048','4246001905164','ANH	','NGUYEN DINH 	','Male','1985-08-19','908357388','22 DUONG 15, TO 1, KHU PHO 1','anh.nguyendinh@gmail.com','123456','anh.nguyendinh@gmail.com'),('HT00049','9852450326347','TAN	','NGUYEN DOAN 	','Female','1981-03-03','783839350','145/40 DUONG QL13','tan.nguyendoan@gmail.com','123456','tan.nguyendoan@gmail.com'),('HT00050','3461331617544','NGAN	','NGUYEN HOAI THANH	','Female','1994-03-01','355223580','43 DUONG 3','ngan.nguyenhoaithanh@gmail.com','123456','ngan.nguyenhoaithanh@gmail.com'),('HT00051','5989197923491','DIEN	','NGUYEN HOANG 	','Male','1994-02-15','374642788','23A KHA VAN CAN TO 8B KHU PHO 1 ','dien.nguyenhoang@gmail.com','123456','dien.nguyenhoang@gmail.com'),('HT00052','8078614260648','LONG	','NGUYEN HOANG 	','Male','1981-05-28','961674267','40 DUONG 13 KPI.HBC.TD TO 3 KHU PHO 1','long.nguyenhoang@gmail.com','123456','long.nguyenhoang@gmail.com'),('HT00053','5164217734701','THUAN	','NGUYEN HOANG GIA	','Male','1992-09-04','908618118','27 DUONG 13','thuan.nguyenhoanggia@gmail.com','123456','thuan.nguyenhoanggia@gmail.com'),('HT00054','8235093849482','SINH	','NGUYEN HUNG 	','Male','1986-11-08','917260365','10 DUONG 5','sinh.nguyenhung@gmail.com','123456','sinh.nguyenhung@gmail.com'),('HT00055','6722582289513','NHU	','NGUYEN HUYNH 	','Male','1986-06-07','356696249','13 DUONG 15','nhu.nguyenhuynh@gmail.com','123456','nhu.nguyenhuynh@gmail.com'),('HT00056','3824823904864','DIEU	','NGUYEN HUYNH HONG	','Female','1980-08-15','909164516','145/34 DUONG QL13','dieu.nguyenhuynhhong@gmail.com','123456','dieu.nguyenhuynhhong@gmail.com'),('HT00057','6592715926857','ANH	','NGUYEN NGOC 	','Male','1991-03-14','707453958','43 DUONG 03 TO 6 KHU PHO 1 ','anh.nguyenngoc@gmail.com','123456','anh.nguyenngoc@gmail.com'),('HT00058','3215470497990','KHANH	','NGUYEN NGOC 	','Male','1980-09-25','906720070','76 DUONG 7','khanh.nguyenngoc@gmail.com','123456','khanh.nguyenngoc@gmail.com'),('HT00059','6590161982845','LONG	','NGUYEN NGOC 	','Male','1992-10-14','916182651','45/7 DUONG 9','long.nguyenngoc@gmail.com','123456','long.nguyenngoc@gmail.com'),('HT00060','1531476238654','NHI	','NGUYEN NGOC 	','Female','1995-07-12','934258642','29/8/7B DUONG 15','nhi.nguyenngoc@gmail.com','123456','nhi.nguyenngoc@gmail.com'),('HT00061','9517537656183','ANH	','NGUYEN NGOC HOANG	','Female','1988-03-03','909991410','29/16A DUONG 15','anh.nguyenngochoang@gmail.com','123456','anh.nguyenngochoang@gmail.com'),('HT00062','7179610589837','NGUYEN	','NGUYEN NGOC KHOI	','Female','1984-04-11','328148233','43 DUONG 11','nguyen.nguyenngockhoi@gmail.com','123456','nguyen.nguyenngockhoi@gmail.com'),('HT00063','5795541739030','TAM	','NGUYEN NGOC THANH	','Male','1984-11-08','906717186','19 DUONG 1','tam.nguyenngocthanh@gmail.com','123456','tam.nguyenngocthanh@gmail.com'),('HT00064','7127761367944','SON	','NGUYEN PHUOC 	','Male','1989-12-20','931879883','31/9 DUONG 7','son.nguyenphuoc@gmail.com','123456','son.nguyenphuoc@gmail.com'),('HT00065','4958451518749','PHI	','NGUYEN PHUONG 	','Male','1992-11-22','374642788','1 DUONG 7','phi.nguyenphuong@gmail.com','123456','phi.nguyenphuong@gmail.com'),('HT00066','1061310519127','DUY	','NGUYEN QUANG 	','Male','1984-03-28','819787111','31/1 DUONG 15','duy.nguyenquang@gmail.com','123456','duy.nguyenquang@gmail.com'),('HT00067','8134540115271','HUY	','NGUYEN QUANG 	','Female','1988-02-10','354505291','29/14 DUONG 15','huy.nguyenquang@gmail.com','123456','huy.nguyenquang@gmail.com'),('HT00068','8656969961707','DAT	','NGUYEN QUOC 	','Male','1982-11-28','898202013','25A, DUONG 11, TO 4, KHU PHO 1','dat.nguyenquoc@gmail.com','123456','dat.nguyenquoc@gmail.com'),('HT00069','7072233245573','TO	','NGUYEN TAN 	','Male','1981-06-11','774611430','51/9 DUONG SO 7, TO 2, KHU PHO 1','to.nguyentan@gmail.com','123456','to.nguyentan@gmail.com'),('HT00070','7208290093339','HOANG	','NGUYEN THANH 	','Male','1982-06-17','906660047','3 DUONG 3','hoang.nguyenthanh@gmail.com','123456','hoang.nguyenthanh@gmail.com'),('HT00071','8861165669390','PHONG	','NGUYEN THANH 	','Male','1982-10-21','938971802','69 KHA VAN CAN','phong.nguyenthanh@gmail.com','123456','phong.nguyenthanh@gmail.com'),('HT00072','6608222246354','HUYEN	','NGUYEN THAO 	','Male','1986-02-13','366665997','58/3 DUONG 5','huyen.nguyenthao@gmail.com','123456','huyen.nguyenthao@gmail.com'),('HT00073','3700856243299','HANG	','NGUYEN THI 	','Female','1982-10-27','774444119','40 DUONG SO 13 KHU PHO 1','hang.nguyenthi@gmail.com','123456','hang.nguyenthi@gmail.com'),('HT00074','4184296848860','HUE	','NGUYEN THI 	','Male','1986-09-25','797488977','33 DUONG SO 5, TO 5, KHU PHO 1','hue.nguyenthi@gmail.com','123456','hue.nguyenthi@gmail.com'),('HT00075','9606476231546','LUYEN	','NGUYEN THI 	','Female','1984-03-17','907487974','24 DUONG 15','luyen.nguyenthi@gmail.com','123456','luyen.nguyenthi@gmail.com'),('HT00076','2047627072098','NGA	','NGUYEN THI 	','Male','1992-10-03','909473111','29/8/2 DUONG 15','nga.nguyenthi@gmail.com','123456','nga.nguyenthi@gmail.com'),('HT00077','1331524941405','NINH	','NGUYEN THI 	','Male','1992-05-27','923506036','58/12 DUONG SO 5 ','ninh.nguyenthi@gmail.com','123456','ninh.nguyenthi@gmail.com'),('HT00078','6242797986440','PHUONG	','NGUYEN THI 	','Male','1980-12-03','934944618','38/3  DUONG 3','phuong.nguyenthi@gmail.com','123456','phuong.nguyenthi@gmail.com'),('HT00079','7305743313512','QUYEN	','NGUYEN THI 	','Male','1993-03-12','938793947','42 DUONG 5 KHU PHO 1 ','quyen.nguyenthi@gmail.com','123456','quyen.nguyenthi@gmail.com'),('HT00080','7971649499107','THAO	','NGUYEN THI 	','Male','1982-03-07','963895806','29/14  DUONG 15','thao.nguyenthi@gmail.com','123456','thao.nguyenthi@gmail.com'),('HT00081','1202888462041','THUONG	','NGUYEN THI 	','Male','1984-06-24','964684974','11 DUONG 11','thuong.nguyenthi@gmail.com','123456','thuong.nguyenthi@gmail.com'),('HT00082','4088923449156','YEN	','NGUYEN THI 	','Female','1980-05-05','949139280','32 DUONG 5','yen.nguyenthi@gmail.com','123456','yen.nguyenthi@gmail.com'),('HT00083','3871480487122','THU	','NGUYEN THI ANH	','Female','1984-06-28','353702928','8154B KHA VAN CAN','thu.nguyenthianh@gmail.com','123456','thu.nguyenthianh@gmail.com'),('HT00084','9156821475240','YEN	','NGUYEN THI HOANG	','Female','1981-05-21','355674663','13/12C DUONG 9','yen.nguyenthihoang@gmail.com','123456','yen.nguyenthihoang@gmail.com'),('HT00085','8005198508810','HOANG	','NGUYEN THI KIM	','Female','1987-08-14','933929419','5 DUONG 11','hoang.nguyenthikim@gmail.com','123456','hoang.nguyenthikim@gmail.com'),('HT00086','9253834592489','THOA	','NGUYEN THI KIM	','Female','1982-07-10','938270681','13  DUONG 11','thoa.nguyenthikim@gmail.com','123456','thoa.nguyenthikim@gmail.com'),('HT00087','8490226956993','SUONG	','NGUYEN THI MAI	','Female','1983-10-15','976243617','42 DUONG SO 7 KHU PHO 1','suong.nguyenthimai@gmail.com','123456','suong.nguyenthimai@gmail.com'),('HT00088','9478901236537','HANH	','NGUYEN THI MY	','Female','1993-01-01','906960091','17 DUONG 1','hanh.nguyenthimy@gmail.com','123456','hanh.nguyenthimy@gmail.com'),('HT00089','9460031181636','KHUYEN	','NGUYEN THI NGOC	','Female','1992-12-09','965237673','33/1 DUONG 11','khuyen.nguyenthingoc@gmail.com','123456','khuyen.nguyenthingoc@gmail.com'),('HT00090','6243854971625','BINH	','NGUYEN THI THANH	','Male','1983-02-28','964506284','12/4G/10 DUONG 08, TO 11, KHU PHO 4, PHUONG HIEP BINH PHUOC','binh.nguyenthithanh@gmail.com','123456','binh.nguyenthithanh@gmail.com'),('HT00091','5085224354284','DUONG	','NGUYEN THI THUY	','Female','1994-07-27','973442156','163/3 DUONG QL13','duong.nguyenthithuy@gmail.com','123456','duong.nguyenthithuy@gmail.com'),('HT00092','9963695044836','ANH	','NGUYEN THI TRAM	','Male','1988-07-28','981668159','12 DUONG SO 13 KHU PHO 1','anh.nguyenthitram@gmail.com','123456','anh.nguyenthitram@gmail.com'),('HT00093','6212322547127','HOANG	','NGUYEN THUY 	','Male','1986-11-08','868328460','31/9A DUONG 7','hoang.nguyenthuy@gmail.com','123456','hoang.nguyenthuy@gmail.com'),('HT00094','4227365157966','HIEU	','NGUYEN TRUNG 	','Male','1981-05-02','967790059','29/8/1 DUONG 15','hieu.nguyentrung@gmail.com','123456','hieu.nguyentrung@gmail.com'),('HT00095','2324687088121','TIEN	','NGUYEN TRUNG 	','Female','1993-01-24','903852508','24/1 Duong so 5 To 3 Khu pho 1 Phuong Hiep Binh Chanh','tien.nguyentrung@gmail.com','123456','tien.nguyentrung@gmail.com'),('HT00096','6504686165617','LINH	','NGUYEN TUAN 	','Male','1991-03-28','902746055','15 DUONG 11','linh.nguyentuan@gmail.com','123456','linh.nguyentuan@gmail.com'),('HT00097','3551210224628','DAU	','NGUYEN VAN 	','Female','1980-07-01','379999710','42, DUONG SO 5, KHU PHO 1, PHUONG HIEP BINH CHANH','dau.nguyenvan@gmail.com','123456','dau.nguyenvan@gmail.com'),('HT00098','4768504600834','HAU	','NGUYEN VAN 	','Female','1983-08-17','396876288','8 KHA VAN CAN','hau.nguyenvan@gmail.com','123456','hau.nguyenvan@gmail.com'),('HT00099','1203977066847','LONG	','NGUYEN VAN 	','Female','1987-12-11','909730365','131D DUONG KHA VAN CAN TO 8A KP1','long.nguyenvan@gmail.com','123456','long.nguyenvan@gmail.com'),('HT00100','7778266933318','NGON	','NGUYEN VAN 	','Female','1986-06-23','932725646','42 DUONG 5 TO 4 KP1','ngon.nguyenvan@gmail.com','123456','ngon.nguyenvan@gmail.com'),('HT00101','5617521374496','SON	','NGUYEN VAN 	','Male','1988-03-23','938276074','23B DUONG KHA VAN CAN','son.nguyenvan@gmail.com','123456','son.nguyenvan@gmail.com'),('HT00102','7501876722707','TRANG	','NGUYEN VAN 	','Male','1992-08-19','979599182','4 DUONG 14 TO 5 KP1','trang.nguyenvan@gmail.com','123456','trang.nguyenvan@gmail.com'),('HT00103','8078238267074','QUANG	','NGUYEN VINH 	','Female','1992-05-05','909473111','16 DUONG 3','quang.nguyenvinh@gmail.com','123456','quang.nguyenvinh@gmail.com'),('HT00104','1368359093021','NHAN	','NGUYEN VY 	','Male','1983-05-15','9114550747','7 KHA VAN CAN, TO 8B, KHU PHO 1','nhan.nguyenvy@gmail.com','123456','nhan.nguyenvy@gmail.com'),('HT00105','8264111069441','PHUC	','PHAM HOAI 	','Female','1987-10-06','903852503','42 DUONG 5','phuc.phamhoai@gmail.com','123456','phuc.phamhoai@gmail.com'),('HT00106','3323728843054','PHUOC	','PHAM HUU 	','Male','1988-12-14','901303524','113 DUONG QL13','phuoc.phamhuu@gmail.com','123456','phuoc.phamhuu@gmail.com'),('HT00107','4471606870408','KHANH	','PHAM PHU 	','Male','1991-05-14','939001534','149 KHA VAN CAN','khanh.phamphu@gmail.com','123456','khanh.phamphu@gmail.com'),('HT00108','8680249977340','TIEN	','PHAM PHUONG 	','Male','1992-10-03','906785545','145/40, QUOC LO 13, TO 2A, KHU PHO 1, PHUONG HIEP BINH CHANH','tien.phamphuong@gmail.com','123456','tien.phamphuong@gmail.com'),('HT00109','2163420225580','KIEU	','PHAM THI 	','Female','1990-05-12','923808272','46 DUONG 5','kieu.phamthi@gmail.com','123456','kieu.phamthi@gmail.com'),('HT00110','2572929014213','HUYEN	','PHAM THI MY	','Female','1994-06-19','834729273','165/10 DUONG QUOC LO 13 TO 1 KP1','huyen.phamthimy@gmail.com','123456','huyen.phamthimy@gmail.com'),('HT00111','7990025431851','NGOC	','PHAM TIEN 	','Male','1995-09-03','909193943','16 DUONG 13','ngoc.phamtien@gmail.com','123456','ngoc.phamtien@gmail.com'),('HT00112','4533261333242','NGHIA	','PHAM TRONG 	','Female','1987-03-11','399679432','224/6/38 DUONG UNG VAN KHIEM','nghia.phamtrong@gmail.com','123456','nghia.phamtrong@gmail.com'),('HT00113','4900479855379','HIEN	','PHAM VAN 	','Female','1985-12-08','909164516','33 DUONG 1','hien.phamvan@gmail.com','123456','hien.phamvan@gmail.com'),('HT00114','9813491232475','NGHIA	','PHAM XUAN 	','Male','1994-11-25','978459607','40 Duong so 13 To 3 Khu pho 1 Phuong Hiep Binh Chanh','nghia.phamxuan@gmail.com','123456','nghia.phamxuan@gmail.com'),('HT00115','8716385266260','MY	','PHAN HOANG 	','Female','1982-12-13','398413962','14 DUONG 2','my.phanhoang@gmail.com','123456','my.phanhoang@gmail.com'),('HT00116','3370339097144','HIEN	','PHAN NGUYEN PHUONG	','Male','1984-12-13','911880110','42 DUONG 5 TO 4 KP1','hien.phannguyenphuong@gmail.com','123456','hien.phannguyenphuong@gmail.com'),('HT00117','6819431259719','NGUYEN	','PHAN THANH 	','Male','1988-12-14','909680150','3 DUONG SO 13, TO 4, KHU PHO 1','nguyen.phanthanh@gmail.com','123456','nguyen.phanthanh@gmail.com'),('HT00118','2321344135727','NGOC	','PHAN THI 	','Female','1984-02-06','919510462','8 DUONG 11 TO 4 KHU PHO 1','ngoc.phanthi@gmail.com','123456','ngoc.phanthi@gmail.com'),('HT00119','4040081673792','NO	','PHAN THI 	','Male','1981-05-08','335623399','25 DUONG SO 5 TO 2B KHU PHO 1','no.phanthi@gmail.com','123456','no.phanthi@gmail.com'),('HT00120','1282158338593','VIEN	','PHUNG DUY 	','Male','1980-01-28','906777029','29/8/1  DUONG 15','vien.phungduy@gmail.com','123456','vien.phungduy@gmail.com'),('HT00121','7977659705735','SEN	','SON 	 ','Female','1995-03-01','903197764','145/34 DUONG QUOC LO 13','sen.son@gmail.com','123456','sen.son@gmail.com'),('HT00122','5997804474295','LAN	','TA THI 	','Male','1991-12-21','973886545','8 DUONG SO 11 TO 4 KHU PHO 1','lan.tathi@gmail.com','123456','lan.tathi@gmail.com'),('HT00123','7472122887675','UYEN	','TO THI HONG	','Male','1984-01-19','777855858','149 KHA VAN CAN','uyen.tothihong@gmail.com','123456','uyen.tothihong@gmail.com'),('HT00124','2666999250672','NHI	','TRAN ANH 	','Female','1982-01-04','909723493','6F DUONG 11','nhi.trananh@gmail.com','123456','nhi.trananh@gmail.com'),('HT00125','5910503813218','HOA	','TRAN QUYNH 	','Male','1991-01-27','934115280','163 DUONG QUOC LO 13','hoa.tranquynh@gmail.com','123456','hoa.tranquynh@gmail.com'),('HT00126','7282758368032','MINH	','TRAN THI 	','Female','1984-08-17','922118132','17/1 DUONG 13','minh.tranthi@gmail.com','123456','minh.tranthi@gmail.com'),('HT00127','6438160971775','TE	','TRAN THI 	','Male','1987-12-20','983338299','42 DUONG 5','te.tranthi@gmail.com','123456','te.tranthi@gmail.com'),('HT00128','2628908751982','CHAU	','TRAN THI HONG	','Male','1986-11-11','944722921','39 DUONG 5','chau.tranthihong@gmail.com','123456','chau.tranthihong@gmail.com'),('HT00129','9692207838830','TAM	','TRAN THI THANH	','Female','1981-08-10','378161581','42 DUONG 5','tam.tranthithanh@gmail.com','123456','tam.tranthithanh@gmail.com'),('HT00130','7409307454891','HOA	','TRAN THI THUAN	','Female','1995-11-04','974881662','163 QL13 TO 4A KHU PHO 1','hoa.tranthithuan@gmail.com','123456','hoa.tranthithuan@gmail.com'),('HT00131','7311065424733','TRINH	','TRAN THI VAN	','Male','1989-02-25','979922085','29/14 DUONG 15','trinh.tranthivan@gmail.com','123456','trinh.tranthivan@gmail.com'),('HT00132','8269381838580','TUYEN	','TRAN THIEN 	','Female','1990-02-14','765323968','145/40 DUONG 13','tuyen.tranthien@gmail.com','123456','tuyen.tranthien@gmail.com'),('HT00133','6576306201400','HUA	','TRAN VAN 	','Female','1989-08-16','907416003','155/1D KHA VAN CAN','hua.tranvan@gmail.com','123456','hua.tranvan@gmail.com'),('HT00134','9329759071264','SONG	','TRAN VAN 	','Female','1995-11-10','986070739','29/4 DUONG 15','song.tranvan@gmail.com','123456','song.tranvan@gmail.com'),('HT00135','3945882147662','OANH	','TRAN XUAN 	','Male','1990-04-21','335511347','49 DUONG 7','oanh.tranxuan@gmail.com','123456','oanh.tranxuan@gmail.com'),('HT00136','1660924976331','NHI	','TRINH THI PHUONG	','Female','1982-12-12','901422609','163/3 QL13 KHU PHO 1','nhi.trinhthiphuong@gmail.com','123456','nhi.trinhthiphuong@gmail.com'),('HT00137','2390315024385','TUAN	','TRUONG MINH 	','Male','1985-03-21','862660914','143A ???','tuan.truongminh@gmail.com','123456','tuan.truongminh@gmail.com'),('HT00138','7600656080711','VIET	','TRUONG QUANG 	','Female','1987-04-01','939001534','42 DUONG 5','viet.truongquang@gmail.com','123456','viet.truongquang@gmail.com'),('HT00139','7293521954755','SU	','TRUONG THI MINH	','Female','1985-09-25','365757491','82 DUONG 7','su.truongthiminh@gmail.com','123456','su.truongthiminh@gmail.com'),('SV00001','8474702947687','SON	','BUI DAI 	','Female','2002-08-17','939798020','29DUONG 11','son.buidai@gmail.com','123456','son.buidai@gmail.com'),('SV00002','8700022987042','NAM	','BUI THI HONG	','Male','2000-12-13','902509575','8/17 Duong 3 To 7 Khu pho 1 Phuong Hiep Binh Chanh','nam.buithihong@gmail.com','123456','nam.buithihong@gmail.com'),('SV00003','6792269397497','DUONG	','BUI THI THUY	','Male','2010-02-06','907468552','2 DUONG 15, TO 5, KHU PHO 1','duong.buithithuy@gmail.com','123456','duong.buithithuy@gmail.com'),('SV00004','5865081059045','MAI	','BUI THI TRUC	','Female','2006-10-12','974889376','27 DUONG SO 13 KHU PHO 1','mai.buithitruc@gmail.com','123456','mai.buithitruc@gmail.com'),('SV00005','7161792202753','TRINH	','BUI THI TUYET	','Female','1999-06-15','902655409','25/03 DUONG SO 11 TO 4 KHU PHO 1','trinh.buithituyet@gmail.com','123456','trinh.buithituyet@gmail.com'),('SV00006','7944653316566','KY	','BUI TRUNG 	','Female','1995-11-22','978652507','31 DUONG 13','ky.buitrung@gmail.com','123456','ky.buitrung@gmail.com'),('SV00007','8243194958497','KIET	','BUI TUAN 	','Male','1995-01-22','522433578','13 DUONG 13, KHU PHO 1','kiet.buituan@gmail.com','123456','kiet.buituan@gmail.com'),('SV00008','1864306157942','HIEN	','BUI VAN 	','Female','1998-09-14','938664303','51/23 DUONG 7','hien.buivan@gmail.com','123456','hien.buivan@gmail.com'),('SV00009','5855638708557','PHUONG	','CHAU 	 ','Female','2008-10-28','901260075','5/4 DUONG SO 7 TO 2A KHU PHO 1','phuong.chau@gmail.com','123456','phuong.chau@gmail.com'),('SV00010','8061501228936','HA	','CHAU DAI 	','Female','2006-09-14','936990337','32 DUONG 11','ha.chaudai@gmail.com','123456','ha.chaudai@gmail.com'),('SV00011','9281263875588','SON	','CHAU DAI 	','Female','2006-11-05','938664303','Duong so 9 To 4 Khu pho 1 Phuong Hiep Binh Chanh','son.chaudai@gmail.com','123456','son.chaudai@gmail.com'),('SV00012','8668872447583','HAU	','CUNG TRONG 	','Female','2003-01-12','984700200','43 DUONG 9','hau.cungtrong@gmail.com','123456','hau.cungtrong@gmail.com'),('SV00013','3215893281073','TUAN	','DANG MAI 	','Female','1996-10-18','979999865','25 KHA VAN CAN','tuan.dangmai@gmail.com','123456','tuan.dangmai@gmail.com'),('SV00014','2082137715613','TUYEN	','DANG THANH 	','Female','1999-10-26','325448666','33 DUONG 3','tuyen.dangthanh@gmail.com','123456','tuyen.dangthanh@gmail.com'),('SV00015','2655469173261','VVAN	','DANG THI THANH	','Male','2001-03-09','967464098','23B KHA VAN CAN, TO 8B, KHU PHO 1','vvan.dangthithanh@gmail.com','123456','vvan.dangthithanh@gmail.com'),('SV00016','5527471680251','NGOC	','DAO XUAN 	','Female','2003-04-25','964382769','43 DUONG 5','ngoc.daoxuan@gmail.com','123456','ngoc.daoxuan@gmail.com'),('SV00017','2271350920419','DANG	','DO DINH 	','Female','2006-01-24','908636310','31/1 DUONG SO 9, TO 2A 2B, KHU PHO 1','dang.dodinh@gmail.com','123456','dang.dodinh@gmail.com'),('SV00018','5452731241568','HAI	','DO MINH 	','Male','2007-02-07','909918159','15/32 DUONG 5','hai.dominh@gmail.com','123456','hai.dominh@gmail.com'),('SV00019','3859939914866','TRUNG	','DUONG THANH 	','Male','2005-01-13','979126186','10 DUONG 13','trung.duongthanh@gmail.com','123456','trung.duongthanh@gmail.com'),('SV00020','2920066933245','TUONG	','HA THANH 	','Male','2005-03-23','848203385','6/1 DUONG 11','tuong.hathanh@gmail.com','123456','tuong.hathanh@gmail.com'),('SV00021','5398693826299','HUYEN	','HA THI 	','Male','2001-06-19','375646976','26 DUONG 7 TO 1A KP1','huyen.hathi@gmail.com','123456','huyen.hathi@gmail.com'),('SV00022','1231635121782','KIEU	','HA THI MY	','Female','1995-10-14','962968230','161-163 QUOC LO 13, TO 2A, KHU PHO 1','kieu.hathimy@gmail.com','123456','kieu.hathimy@gmail.com'),('SV00023','1865301258906','TOAN	','HOANG HAI 	','Male','1997-05-16','352264554','41 Duong so 13 Khu pho 1 Phuong Hiep Binh Chanh','toan.hoanghai@gmail.com','123456','toan.hoanghai@gmail.com'),('SV00024','3346543598903','LIEN	','HOANG THI 	','Female','1996-05-11','965889208','15/19 SO 5 TO 6 KHU PHO 1','lien.hoangthi@gmail.com','123456','lien.hoangthi@gmail.com'),('SV00025','1838302614116','THUY	','HOANG THI 	','Female','2005-08-06','967300746','145/50A QL13 TO 2A KHU PHO 1','thuy.hoangthi@gmail.com','123456','thuy.hoangthi@gmail.com'),('SV00026','6960113345425','DUNG	','HOANG VAN 	','Female','2008-11-12','907588060','31/9A DUONG 7','dung.hoangvan@gmail.com','123456','dung.hoangvan@gmail.com'),('SV00027','1669737918354','MANH	','HOANG VAN 	','Male','1997-09-06','935432982','27 DUONG SO 13, KHU PHO 1','manh.hoangvan@gmail.com','123456','manh.hoangvan@gmail.com'),('SV00028','2674819831376','TAM	','HUYNH HUU 	','Female','1996-02-27','909200137','19 DUONG 1','tam.huynhhuu@gmail.com','123456','tam.huynhhuu@gmail.com'),('SV00029','7144359380666','TUAN	','HUYNH THANH 	','Female','2004-08-11','367067958','37 DUONG PHU CHAU ','tuan.huynhthanh@gmail.com','123456','tuan.huynhthanh@gmail.com'),('SV00030','1466276547237','TRAM	','HUYNH THI HUYEN	','Female','2010-05-20','919957739','147A DUONG KHA VAN CAN TO 8A KP1','tram.huynhthihuyen@gmail.com','123456','tram.huynhthihuyen@gmail.com'),('SV00031','5197183375548','THO	','HUYNH THI KIM	','Male','2010-12-22','362752750','10 DUONG 5','tho.huynhthikim@gmail.com','123456','tho.huynhthikim@gmail.com'),('SV00032','5909170871176','TRINH	','KIEU THI HUYEN	','Female','1999-06-16','949645345','92 DUONG 10','trinh.kieuthihuyen@gmail.com','123456','trinh.kieuthihuyen@gmail.com'),('SV00033','8239693596179','THU	','LAI THI ANH	','Female','2001-12-11','902509575','53 Duong so 7 To 2B Khu pho 1 Phuong Hiep Binh Chanh','thu.laithianh@gmail.com','123456','thu.laithianh@gmail.com'),('SV00034','2749877569469','KINH	','LAM DAI 	','Female','2009-12-15','925647118','8/15 DUONG SO 3 HBC TO 7 KHU PHO 1 ','kinh.lamdai@gmail.com','123456','kinh.lamdai@gmail.com'),('SV00035','5870626613356','LIEU	','LANH THI NHU	','Female','1996-01-25','939150486','163/1 Duong quoc lo 13 To 2A Khu pho 1 Phuong Hiep Binh Chanh','lieu.lanhthinhu@gmail.com','123456','lieu.lanhthinhu@gmail.com'),('SV00036','3941473140093','AN	','LE DUC 	','Female','2002-01-06','396123985','27 DUONG 13','an.leduc@gmail.com','123456','an.leduc@gmail.com'),('SV00037','5719592981912','HIEN	','LE HONG 	','Female','2005-08-18','937283949','1H KHA VAN CAN','hien.lehong@gmail.com','123456','hien.lehong@gmail.com'),('SV00038','1764967291135','SU	','LE HONG 	','Female','2003-12-07','976234875','159 DUONG QUOC LO 13','su.lehong@gmail.com','123456','su.lehong@gmail.com'),('SV00039','3907687227939','VI	','LE MOC 	','Male','2004-03-16','933971608','21 DUONG SO 11 TO 4 KHU PHO 1','vi.lemoc@gmail.com','123456','vi.lemoc@gmail.com'),('SV00040','9389692695900','CANH	','LE NGUYEN HONG	','Female','1996-04-26','906262586','40','canh.lenguyenhong@gmail.com','123456','canh.lenguyenhong@gmail.com'),('SV00041','1939943903142','VINH	','LE THAI HOANG	','Female','2010-02-15','352264554','83 KHA VAN CAN','vinh.lethaihoang@gmail.com','123456','vinh.lethaihoang@gmail.com'),('SV00042','2626554246965','THANH	','LE THI 	','Female','2004-10-06','907349347','60 DUONG 3','thanh.lethi@gmail.com','123456','thanh.lethi@gmail.com'),('SV00043','6284595656622','LY	','LE THI HAI	','Male','2000-10-16','935195151','25A DUONG 11','ly.lethihai@gmail.com','123456','ly.lethihai@gmail.com'),('SV00044','9065748911382','THAM	','LE THI HONG	','Male','2008-05-18','981157080','117 DUONG QL13','tham.lethihong@gmail.com','123456','tham.lethihong@gmail.com'),('SV00045','5186662813551','MO	','LE THI TUYET	','Female','1996-04-12','335204435','6F DUONG 11','mo.lethituyet@gmail.com','123456','mo.lethituyet@gmail.com'),('SV00046','2905415674808','CHAN	','LE TRAN QUYNH	','Male','2004-12-16','938351742','56/7 DUONG 5','chan.letranquynh@gmail.com','123456','chan.letranquynh@gmail.com'),('SV00047','1484775389648','THANH	','LE TRAN THAI	','Male','2009-10-24','329994920','145/4 DUONG QL13','thanh.letranthai@gmail.com','123456','thanh.letranthai@gmail.com'),('SV00048','9709424078143','BINH	','LE VAN 	','Female','1997-10-21','365048008','33 DUONG 5, TO 5, KHU PHO 1','binh.levan@gmail.com','123456','binh.levan@gmail.com'),('SV00049','9541619671072','DUNG	','LE VAN 	','Female','2010-06-23','935027032','31/9A DUONG 7 KP1','dung.levan@gmail.com','123456','dung.levan@gmail.com'),('SV00050','8810458250705','SANG	','LE VAN 	','Female','1997-11-02','983533205','34/2 DUONG 15','sang.levan@gmail.com','123456','sang.levan@gmail.com'),('SV00051','4831393146353','VANG	','LE VAN 	','Male','1997-05-26','975148648','21 DUONG 11','vang.levan@gmail.com','123456','vang.levan@gmail.com'),('SV00052','1317559733824','TRINH	','LUONG DUY 	','Male','2002-08-07','932375645','17/1 DUONG 13','trinh.luongduy@gmail.com','123456','trinh.luongduy@gmail.com'),('SV00053','5447851977462','NGHIEM	','LUU QUOC 	','Female','1997-03-17','368438424','145/34 DUONG QUOC LO 13','nghiem.luuquoc@gmail.com','123456','nghiem.luuquoc@gmail.com'),('SV00054','5827998913011','HUONG	','MAI THI 	','Male','1995-09-09','915232927','3 DUONG 13 TO 4 KP1','huong.maithi@gmail.com','123456','huong.maithi@gmail.com'),('SV00055','6087211514544','CUC	','NGO THI 	','Male','2007-01-24','935175740','39 DUONG 5','cuc.ngothi@gmail.com','123456','cuc.ngothi@gmail.com'),('SV00056','7328438229094','VINH	','NGUYEN 	 ','Female','2009-08-23','988336157','6A Duong so 5 To 3 Khu pho 1 Phuong Hiep Binh Chanh','vinh.nguyen@gmail.com','123456','vinh.nguyen@gmail.com'),('SV00057','4628392336328','PHAN	','NGUYEN 	 ','Male','2010-09-08','901769701','43 DUONG 11','phan.nguyen@gmail.com','123456','phan.nguyen@gmail.com'),('SV00058','2653266308578','KHUONG	','NGUYEN ANH 	','Female','2002-03-12','903955946','127 KHA VAN CAN','khuong.nguyenanh@gmail.com','123456','khuong.nguyenanh@gmail.com'),('SV00059','3222006452488','LINH	','NGUYEN BA 	','Female','2002-01-12','909680150','31/17 DUONG 7','linh.nguyenba@gmail.com','123456','linh.nguyenba@gmail.com'),('SV00060','8045835929192','NGOC	','NGUYEN BAO 	','Female','1996-06-21','354197030','1A KHA VAN CAN','ngoc.nguyenbao@gmail.com','123456','ngoc.nguyenbao@gmail.com'),('SV00061','8491072249591','DAT	','NGUYEN BIEN TAN	','Female','2000-10-21','938529309','171A QL13 KHU PHO 1','dat.nguyenbientan@gmail.com','123456','dat.nguyenbientan@gmail.com'),('SV00062','4219653422232','THANH	','NGUYEN CHI 	','Female','2002-04-16','359140214','53A DUONG 7','thanh.nguyenchi@gmail.com','123456','thanh.nguyenchi@gmail.com'),('SV00063','9899522174843','DUC	','NGUYEN DAC 	','Male','1998-10-11','914658485','145/9 QL13 TO 2A KHU PHO 1','duc.nguyendac@gmail.com','123456','duc.nguyendac@gmail.com'),('SV00064','6187269506882','MONG	','NGUYEN DINH 	','Female','2008-12-14','919157837','6A DUONG SO 11 TO 4 KHU PHO 1','mong.nguyendinh@gmail.com','123456','mong.nguyendinh@gmail.com'),('SV00065','7814398570041','HUNG	','NGUYEN DOAN GIA	','Female','1996-08-26','369132743','25 DUONG 3','hung.nguyendoangia@gmail.com','123456','hung.nguyendoangia@gmail.com'),('SV00066','1166338485885','PHUC	','NGUYEN DUY 	','Female','2008-09-08','981908030','12 DUONG 13','phuc.nguyenduy@gmail.com','123456','phuc.nguyenduy@gmail.com'),('SV00067','4671547338548','THUY	','NGUYEN HO NHU	','Male','1999-03-23','908924085','So nha 10 Duong so 15 To 5 Khu pho 1 Phuong Hiep Binh Chanh','thuy.nguyenhonhu@gmail.com','123456','thuy.nguyenhonhu@gmail.com'),('SV00068','7436150114634','LAC	','NGUYEN HOANG 	','Female','1997-09-08','906770484','163/3 QL13 KHU PHO 1','lac.nguyenhoang@gmail.com','123456','lac.nguyenhoang@gmail.com'),('SV00069','4011969184287','DUAN	','NGUYEN LE NGOC	','Male','2006-05-27','794467080','58/14 DUONG 5','duan.nguyenlengoc@gmail.com','123456','duan.nguyenlengoc@gmail.com'),('SV00070','2403090006580','HIEU	','NGUYEN NGOC 	','Male','2005-07-06','769605185','41 DUONG 5','hieu.nguyenngoc@gmail.com','123456','hieu.nguyenngoc@gmail.com'),('SV00071','8428848308427','HONG	','NGUYEN NGOC 	','Male','2009-08-08','896673693','3 DUONG 3 TO 7 KP1','hong.nguyenngoc@gmail.com','123456','hong.nguyenngoc@gmail.com'),('SV00072','4132999291126','THUY	','NGUYEN NGOC 	','Male','2007-07-19','939798020','69 KHA VAN CAN','thuy.nguyenngoc@gmail.com','123456','thuy.nguyenngoc@gmail.com'),('SV00073','3467157057395','BEN	','NGUYEN NGOC LUC	','Female','1996-08-06','937996139','10 DUONG SO 13, TO 4, KHU PHO 1','ben.nguyenngocluc@gmail.com','123456','ben.nguyenngocluc@gmail.com'),('SV00074','2173437469848','HUONG	','NGUYEN QUANG 	','Male','1995-03-21','832032590','134A Duong so 13 Khu pho 2 Phuong Hiep Binh Chanh','huong.nguyenquang@gmail.com','123456','huong.nguyenquang@gmail.com'),('SV00075','3555720500742','KHIEM	','NGUYEN TAN 	','Female','2005-10-08','967966139','27 DUONG 13','khiem.nguyentan@gmail.com','123456','khiem.nguyentan@gmail.com'),('SV00076','8031001684584','BE	','NGUYEN THI 	','Male','2000-08-07','336810617','13 DUONG 13','be.nguyenthi@gmail.com','123456','be.nguyenthi@gmail.com'),('SV00077','7381733231349','CHI	','NGUYEN THI 	','Male','1998-11-10','355195879','23A KHA VAN CAN','chi.nguyenthi@gmail.com','123456','chi.nguyenthi@gmail.com'),('SV00078','6507559093719','DUNG	','NGUYEN THI 	','Male','2010-11-02','373069517','33, DUONG SO 3, TO 6, KHU PHO 1','dung.nguyenthi@gmail.com','123456','dung.nguyenthi@gmail.com'),('SV00079','1103172514244','DUONG	','NGUYEN THI 	','Male','2001-09-19','384817462','5 DUONG 3 TO 7 KP1','duong.nguyenthi@gmail.com','123456','duong.nguyenthi@gmail.com'),('SV00080','4651287972978','HOANG	','NGUYEN THI 	','Male','1995-11-01','777976198','3 DUONG 3 TO 7 KP1','hoang.nguyenthi@gmail.com','123456','hoang.nguyenthi@gmail.com'),('SV00081','8386926536181','HUONG	','NGUYEN THI 	','Female','2006-06-24','903119215','161-163 QUOC LO 13, TO 2E, KHU PHO 1','huong.nguyenthi@gmail.com','123456','huong.nguyenthi@gmail.com'),('SV00082','7618468143960','LAN	','NGUYEN THI 	','Male','2002-06-11','903904799','8 DUONG 9','lan.nguyenthi@gmail.com','123456','lan.nguyenthi@gmail.com'),('SV00083','2159316621986','NGOC	','NGUYEN THI 	','Female','2003-09-14','913809877','2 DUONG KHA VAN CAN','ngoc.nguyenthi@gmail.com','123456','ngoc.nguyenthi@gmail.com'),('SV00084','3082734938116','THUYEN	','NGUYEN THI 	','Male','2010-08-17','987375153','21 DUONG 11','thuyen.nguyenthi@gmail.com','123456','thuyen.nguyenthi@gmail.com'),('SV00085','1679057704648','DIEP	','NGUYEN THI HONG	','Female','2007-07-03','363531124','1 DUONG SO 7 TO 5 KHU PHO 1','diep.nguyenthihong@gmail.com','123456','diep.nguyenthihong@gmail.com'),('SV00086','9672030015984','ANH	','NGUYEN THI LAN	','Male','2006-12-11','919696850','29/14A DUONG 15','anh.nguyenthilan@gmail.com','123456','anh.nguyenthilan@gmail.com'),('SV00087','3818250490278','TRUC	','NGUYEN THI MONG	','Male','2010-02-10','388280050','10 DUONG 15, TO 5, KHU PHO 1','truc.nguyenthimong@gmail.com','123456','truc.nguyenthimong@gmail.com'),('SV00088','9755499752861','HAN	','NGUYEN THI NGOC	','Male','2008-01-27','902030551','117A DUONG KHA VAN CAN','han.nguyenthingoc@gmail.com','123456','han.nguyenthingoc@gmail.com'),('SV00089','2915556969575','THUY	','NGUYEN THI NGOC	','Male','2000-07-19','981019844','8/2 KHA VAN CAN TO 8H KHU PHO 1','thuy.nguyenthingoc@gmail.com','123456','thuy.nguyenthingoc@gmail.com'),('SV00090','5580882423402','YEN	','NGUYEN THI NGOC	','Female','2003-07-12','903740765','1526 DUONG 3','yen.nguyenthingoc@gmail.com','123456','yen.nguyenthingoc@gmail.com'),('SV00091','4102101795007','LINH	','NGUYEN THI PHUONG	','Female','2008-09-03','908667922','165/10 DUONG QUOC LO 13','linh.nguyenthiphuong@gmail.com','123456','linh.nguyenthiphuong@gmail.com'),('SV00092','4854194562165','NGA	','NGUYEN THI PHUONG	','Male','2002-06-27','329860101','58/12 DUONG SO 5 ','nga.nguyenthiphuong@gmail.com','123456','nga.nguyenthiphuong@gmail.com'),('SV00093','9607377021205','THUY	','NGUYEN THI THANH	','Female','2009-07-13','377060300','42 DUONG 5','thuy.nguyenthithanh@gmail.com','123456','thuy.nguyenthithanh@gmail.com'),('SV00094','1508346827154','HA	','NGUYEN THI THU	','Male','2009-09-14','397909642','4/16A DUONG 11','ha.nguyenthithu@gmail.com','123456','ha.nguyenthithu@gmail.com'),('SV00095','6185410626466','LIEN	','NGUYEN THI THU	','Female','2007-10-21','938747373','38/3 DUONG 3','lien.nguyenthithu@gmail.com','123456','lien.nguyenthithu@gmail.com'),('SV00096','1825735449651','THUY	','NGUYEN THI THU	','Female','2006-11-07','368492181','4, DUONG 15, TO 5, KHU PHO 1','thuy.nguyenthithu@gmail.com','123456','thuy.nguyenthithu@gmail.com'),('SV00097','9576824858292','UYEN	','NGUYEN THI TU	','Male','1997-01-16','907459295','13/28A SO 3 KHU PHO 1','uyen.nguyenthitu@gmail.com','123456','uyen.nguyenthitu@gmail.com'),('SV00098','5951123120080','KHANH	','NGUYEN TRONG 	','Female','1998-11-21','707048920','49 DUONG 7','khanh.nguyentrong@gmail.com','123456','khanh.nguyentrong@gmail.com'),('SV00099','9709016693419','DAM	','NGUYEN VAN 	','Male','2010-01-09','355171871','53/1A DUONG QUOC LO 13','dam.nguyenvan@gmail.com','123456','dam.nguyenvan@gmail.com'),('SV00100','4832274507943','PHUOC	','NGUYEN VAN 	','Male','2010-10-23','935115597','4 DUONG 15','phuoc.nguyenvan@gmail.com','123456','phuoc.nguyenvan@gmail.com'),('SV00101','4827951516670','SANG	','NGUYEN VAN 	','Female','1995-03-22','935905476','9 KHA VAN CAN','sang.nguyenvan@gmail.com','123456','sang.nguyenvan@gmail.com'),('SV00102','9512801619681','TOAN	','NGUYEN VAN 	','Male','1997-12-20','973943514','41/3  DUONG 3','toan.nguyenvan@gmail.com','123456','toan.nguyenvan@gmail.com'),('SV00103','1589587917563','TUONG	','NGUYEN VAN 	','Male','2010-03-21','34453603','21 DUONG 23, TO 30, KHU PHO 5','tuong.nguyenvan@gmail.com','123456','tuong.nguyenvan@gmail.com'),('SV00104','7289927014083','ANH	','NGUYEN VU TIEN	','Male','1996-03-06','913979498','133 KHA VAN CAN','anh.nguyenvutien@gmail.com','123456','anh.nguyenvutien@gmail.com'),('SV00105','8472529805496','NGUYEN	','NGUYEN XUAN 	','Male','2001-06-18','773451211','43 DUONG 11 KP1','nguyen.nguyenxuan@gmail.com','123456','nguyen.nguyenxuan@gmail.com'),('SV00106','7665484628218','HOANG	','NGYEN THUY 	','Female','2000-05-26','704970894','3 DUONG 3','hoang.ngyenthuy@gmail.com','123456','hoang.ngyenthuy@gmail.com'),('SV00107','6309080932892','KHOA	','PHAM DINH 	','Male','2010-07-02','708730517','49 DUONG SO 7, KHU PHO 1','khoa.phamdinh@gmail.com','123456','khoa.phamdinh@gmail.com'),('SV00108','4801585586581','HOA	','PHAM DO TUYET	','Male','1997-11-23','932190235','41/19 PHUONG DI AN TO 18 19 KHU PHO DI AN','hoa.phamdotuyet@gmail.com','123456','hoa.phamdotuyet@gmail.com'),('SV00109','7237428560598','NGUYEN	','PHAM HO LE	','Female','2002-08-10','932657789','51/9 DUONG SO 7 TO 2 KHU PHO 1','nguyen.phamhole@gmail.com','123456','nguyen.phamhole@gmail.com'),('SV00110','6879784576141','THAO	','PHAM PHUONG 	','Female','2001-10-08','967393528','29/14 DUONG 15 TO 5 KP1','thao.phamphuong@gmail.com','123456','thao.phamphuong@gmail.com'),('SV00111','4700894536977','VU	','PHAM TAN 	','Male','1999-05-20','363908384','145/50A DUONG QL13','vu.phamtan@gmail.com','123456','vu.phamtan@gmail.com'),('SV00112','3084064786566','DUNG	','PHAM THI 	','Male','2002-03-02','902470417','4/2 DUONG 11','dung.phamthi@gmail.com','123456','dung.phamthi@gmail.com'),('SV00113','2155424531027','THAO	','PHAM THI 	','Female','2008-02-19','986161061','14/20 Duong so 9 To 13 Khu pho 1 Phuong Hiep Binh Chanh','thao.phamthi@gmail.com','123456','thao.phamthi@gmail.com'),('SV00114','3402198384383','HIEU	','PHAM THI MINH	','Male','1997-10-11','847405999','1526 DUONG 5','hieu.phamthiminh@gmail.com','123456','hieu.phamthiminh@gmail.com'),('SV00115','1794557229992','HUYEN	','PHAM THI THANH	','Female','2007-09-18','937690123','17 DUONG 1','huyen.phamthithanh@gmail.com','123456','huyen.phamthithanh@gmail.com'),('SV00116','2438177171714','TAM	','PHAM THI THANH	','Male','1996-04-07','369084254','51/12 DUONG 7','tam.phamthithanh@gmail.com','123456','tam.phamthithanh@gmail.com'),('SV00117','6534812946609','AN	','PHAM THI THU	','Female','2010-01-27','388280050','145/40 DUONG QL 13, TO 2A, KHU PHO 1, PHUONG HIEP BINH CHANH','an.phamthithu@gmail.com','123456','an.phamthithu@gmail.com'),('SV00118','3297311894102','TRANG	','PHAM THI THUY	','Male','1995-08-28','352917679','21 DUONG SO 11 TO 4 KHU PHO 1','trang.phamthithuy@gmail.com','123456','trang.phamthithuy@gmail.com'),('SV00119','9072395405614','TUAN	','PHAN ANH 	','Male','2000-08-01','971134052','5/1 DUONG 7','tuan.phananh@gmail.com','123456','tuan.phananh@gmail.com'),('SV00120','4600733110678','TOAN	','PHAN CHI 	','Male','2009-10-19','345340233','147A KHA VAN CAN','toan.phanchi@gmail.com','123456','toan.phanchi@gmail.com'),('SV00121','4654372653581','CHAU	','PHAN THI MY	','Male','1997-03-12','378477026','23 DUONG 5','chau.phanthimy@gmail.com','123456','chau.phanthimy@gmail.com'),('SV00122','4903030444722','HA	','PHAN THI NGOC	','Male','1996-02-25','932147472','42 DUONG 5','ha.phanthingoc@gmail.com','123456','ha.phanthingoc@gmail.com'),('SV00123','1196905235244','CHAU	','PHAN VAN 	','Male','2002-06-13','704970894','41/4 DUONG 3, TO 6, KHU PHO 1','chau.phanvan@gmail.com','123456','chau.phanvan@gmail.com'),('SV00124','8967532852321','HA	','PHAN VO KHANH	','Female','2009-07-16','983719321','117A DUONG KHA VAN CAN','ha.phanvokhanh@gmail.com','123456','ha.phanvokhanh@gmail.com'),('SV00125','1923527591439','NHUT	','THACH MINH 	','Female','1995-03-18','9358528069','33/5 DUONG 13, KHU PHO 5','nhut.thachminh@gmail.com','123456','nhut.thachminh@gmail.com'),('SV00126','5212256134823','SOC	','THACH THI 	','Male','2007-12-15','982214820','42  DUONG 5','soc.thachthi@gmail.com','123456','soc.thachthi@gmail.com'),('SV00127','7844475216541','THIEN	','TRAN DANG 	','Male','2004-08-25','339698208','35 DUONG 9','thien.trandang@gmail.com','123456','thien.trandang@gmail.com'),('SV00128','8849224884739','TOAN	','TRAN KHANH 	','Male','1999-12-16','984801748','22 DUONG 15','toan.trankhanh@gmail.com','123456','toan.trankhanh@gmail.com'),('SV00129','8671374275673','DANG	','TRAN MAI KHANH	','Male','1997-08-13','918158278','53/1A QL3 KHU PHO 1','dang.tranmaikhanh@gmail.com','123456','dang.tranmaikhanh@gmail.com'),('SV00130','7229922648774','NHUT	','TRAN MINH 	','Female','1995-05-06','909153025','58/1 DUONG 5','nhut.tranminh@gmail.com','123456','nhut.tranminh@gmail.com'),('SV00131','6998606835232','ANH	','TRAN NGUYEN MINH	','Male','2006-01-21','977080594','68 DUONG SO 3 TO 6 KHU PHO 1','anh.trannguyenminh@gmail.com','123456','anh.trannguyenminh@gmail.com'),('SV00132','3854777129187','TRUNG	','TRAN NGUYEN THANH	','Female','2001-04-13','983512093','49 DUONG 1','trung.trannguyenthanh@gmail.com','123456','trung.trannguyenthanh@gmail.com'),('SV00133','6448605162028','QUANG	','TRAN THANH 	','Female','1998-02-20','332052310','27 DUONG 13','quang.tranthanh@gmail.com','123456','quang.tranthanh@gmail.com'),('SV00134','3698265188637','HANH	','TRAN THI 	','Female','1999-08-19','397858564','79A KHA VAN CAN, TO 8A, KHU PHO 1','hanh.tranthi@gmail.com','123456','hanh.tranthi@gmail.com'),('SV00135','4817335712201','OANH	','TRAN THI 	','Female','1996-07-05','938276074','16/11 DUONG 5','oanh.tranthi@gmail.com','123456','oanh.tranthi@gmail.com'),('SV00136','1392551911935','VAN	','TRAN THI 	','Male','2007-02-19','335675887','147B DUONG KHA VAN CAN','van.tranthi@gmail.com','123456','van.tranthi@gmail.com'),('SV00137','6270592834024','NHUNG	','TRAN THI KIEU	','Male','2005-05-08','939313707','58/1 DUONG 5','nhung.tranthikieu@gmail.com','123456','nhung.tranthikieu@gmail.com'),('SV00138','6641268014013','ANH	','TRAN THI KIM	','Male','2008-10-22','378477026','45/7 DUONG 9','anh.tranthikim@gmail.com','123456','anh.tranthikim@gmail.com'),('SV00139','5279162325542','HA	','TRAN THI LE	','Female','2009-03-06','913786433','42 DUONG 5 TO 4 KP1','ha.tranthile@gmail.com','123456','ha.tranthile@gmail.com'),('SV00140','9502140249369','NGUYET	','TRAN THI MINH	','Male','2002-04-05','944386779','43 DUONG 11','nguyet.tranthiminh@gmail.com','123456','nguyet.tranthiminh@gmail.com'),('SV00141','7625192369719','THU	','TRAN THI NGUYET	','Male','1999-11-18','937962270','1A KHA VAN CAN','thu.tranthinguyet@gmail.com','123456','thu.tranthinguyet@gmail.com'),('SV00142','4023687654211','HA	','TRAN THI THU	','Female','2001-02-08','767433126','31/1 DUONG 15, TO 5, KHU PHO 1','ha.tranthithu@gmail.com','123456','ha.tranthithu@gmail.com'),('SV00143','9120098046337','GIANG	','TRAN TRUONG 	','Female','2009-03-16','971592295','28 DUONG 11','giang.trantruong@gmail.com','123456','giang.trantruong@gmail.com'),('SV00144','8457452726182','MACH	','TRAN VAN 	','Female','1995-03-24','915325825','8/7 DUONG 3','mach.tranvan@gmail.com','123456','mach.tranvan@gmail.com'),('SV00145','9002223361838','XUAN	','TRAN VAN 	','Female','2001-12-16','931170900','21 DUONG 11','xuan.tranvan@gmail.com','123456','xuan.tranvan@gmail.com'),('SV00146','5652018707511','CHAT	','TRINH THI 	','Male','1996-11-12','915570572','41/4 DUONG 3','chat.trinhthi@gmail.com','123456','chat.trinhthi@gmail.com'),('SV00147','5751429660084','KHUONG	','TRINH VAN 	','Female','2004-11-28','977414413','37 DUONG 5','khuong.trinhvan@gmail.com','123456','khuong.trinhvan@gmail.com'),('SV00148','4804784378814','TRUNG	','TRUONG HOANH MINH	','Female','1999-01-16','978432106','18 DUONG 13','trung.truonghoanhminh@gmail.com','123456','trung.truonghoanhminh@gmail.com'),('SV00149','1084343612231','KHAI	','TRUONG QUANG 	','Male','2001-05-09','975548431','6A DUONG 3','khai.truongquang@gmail.com','123456','khai.truongquang@gmail.com'),('SV00150','5803740310340','AN	','TRUONG VAN 	','Male','2003-03-17','703671794','145/40 DUONG QL13','an.truongvan@gmail.com','123456','an.truongvan@gmail.com'),('SV00151','4335680796323','HIEP	','TRUONG VAN 	','Female','2002-02-07','917138938','145/40 QUOC LO 13, TO 2A, KHU PHO 1','hiep.truongvan@gmail.com','123456','hiep.truongvan@gmail.com'),('SV00152','6994124462898','NHU	','VAN THI HUYNH	','Male','2003-08-18','909680150','29/8/2 DUONG 15','nhu.vanthihuynh@gmail.com','123456','nhu.vanthihuynh@gmail.com'),('SV00153','2166995495010','NGOC	','VAY BICH 	','Male','1996-04-18','362587028','27 DUONG 9','ngoc.vaybich@gmail.com','123456','ngoc.vaybich@gmail.com'),('SV00154','1012297062954','DUC	','VO ANH 	','Female','1995-06-16','372472412','528 PHAM VAN DONG P13 QUAN BINH THANH','duc.voanh@gmail.com','123456','duc.voanh@gmail.com'),('SV00155','1284075403131','DUONG	','VO DONG 	','Female','2010-01-24','974103522','40 DUONG 13','duong.vodong@gmail.com','123456','duong.vodong@gmail.com'),('SV00156','5257744837302','TRI	','VO MINH 	','Female','2002-12-18','828785961','41/4 DUONG 3','tri.vominh@gmail.com','123456','tri.vominh@gmail.com'),('SV00157','3779379229079','HUY	','VO QUOC 	','Male','2009-02-06','903938041','22 DUONG 11','huy.voquoc@gmail.com','123456','huy.voquoc@gmail.com'),('SV00158','1174678196786','LINH	','VO THANH 	','Male','1997-03-02','855322515','17 DUONG 1','linh.vothanh@gmail.com','123456','linh.vothanh@gmail.com'),('SV00159','8751820845324','HUYEN	','VO THI 	','Male','1998-11-22','932795669','131D KHA VAN CAN','huyen.vothi@gmail.com','123456','huyen.vothi@gmail.com'),('SV00160','6859310037099','PHUOC	','VO THI 	','Male','1998-01-15','986218144','42 DUONG 5 TO 4 KP1','phuoc.vothi@gmail.com','123456','phuoc.vothi@gmail.com'),('SV00161','9235103678894','YEN	','VO THI 	','Male','1998-04-11','909238289','32 DUONG 11 TO 4 KP1','yen.vothi@gmail.com','123456','yen.vothi@gmail.com'),('SV00162','2062916195580','NGOC	','VO THI NHU	','Female','1995-05-26','385655618','42 DUONG SO 5 TO 4 KHU PHO 1 ','ngoc.vothinhu@gmail.com','123456','ngoc.vothinhu@gmail.com'),('SV00163','9625392006791','HAI	','VO TUAN 	','Female','2007-06-01','393378577','38/14 DUONG SO 3 TO 6 KHU PHO 1','hai.votuan@gmail.com','123456','hai.votuan@gmail.com'),('SV00164','9191571473139','HAU	','VO VAN 	','Male','1995-09-13','938152505','4 DUONG 5','hau.vovan@gmail.com','123456','hau.vovan@gmail.com'),('SV00165','6875189593760','TAM	','VU DUY 	','Female','2007-09-14','986832723','15/9/3 DUONG 5','tam.vuduy@gmail.com','123456','tam.vuduy@gmail.com'),('SV00166','5256355106161','ANH	','VU HUNG 	','Female','2009-11-19','974441492','13/8 DUONG 9','anh.vuhung@gmail.com','123456','anh.vuhung@gmail.com'),('SV00167','7355242573944','TRIEU	','VU MINH 	','Male','1999-03-13','386562120','39 DUONG KHA VAN CAN','trieu.vuminh@gmail.com','123456','trieu.vuminh@gmail.com'),('SV00168','4714420989078','HANG	','VU NGUYEN THUY	','Female','2003-01-06','343011801','1/7 KHA VAN CAN TO 8A KHU PHO 1 ','hang.vunguyenthuy@gmail.com','123456','hang.vunguyenthuy@gmail.com'),('SV00169','9674888034375','CHUNG	','VU QUOC 	','Male','2006-05-06','769994734','1B DUONG 13','chung.vuquoc@gmail.com','123456','chung.vuquoc@gmail.com'),('SV00170','1821232503897','HOAI	','VU THANH 	','Male','2006-07-28','962015302','10/8A KHA VAN CAN','hoai.vuthanh@gmail.com','123456','hoai.vuthanh@gmail.com'),('SV00171','3295141192843','THUAN	','VU THI 	','Male','2007-07-23','978395537','7 DUONG SO 7, KHU PHO 1','thuan.vuthi@gmail.com','123456','thuan.vuthi@gmail.com'),('SV00172','1564304813547','TU	','VU THI 	','Female','2009-12-11','908386698','14 DUONG SO 5 TO 3 KHU PHO 1 ','tu.vuthi@gmail.com','123456','tu.vuthi@gmail.com'),('SV00173','4042106606660','MY	','VU THI HA	','Female','2001-10-26','905867983','26 DUONG 15','my.vuthiha@gmail.com','123456','my.vuthiha@gmail.com'),('SV00174','6264354991510','LOAN	','VU THI THANH	','Female','2000-05-02','972768780','8 DUONG 11 KP1','loan.vuthithanh@gmail.com','123456','loan.vuthithanh@gmail.com'),('SV00175','1622356015356','TRANG	','VU THI THUY	','Male','2010-10-13','938348655','3 DUONG 13','trang.vuthithuy@gmail.com','123456','trang.vuthithuy@gmail.com'),('SV00176','5439458041250','THANG	','VU TIEN 	','Female','2002-07-05','326746937','28 DUONG SO 1 KHU PHO 1','thang.vutien@gmail.com','123456','thang.vutien@gmail.com');
/*!40000 ALTER TABLE `user_system` ENABLE KEYS */;
UNLOCK TABLES;
/*!40103 SET TIME_ZONE=@OLD_TIME_ZONE */;

/*!40101 SET SQL_MODE=@OLD_SQL_MODE */;
/*!40014 SET FOREIGN_KEY_CHECKS=@OLD_FOREIGN_KEY_CHECKS */;
/*!40014 SET UNIQUE_CHECKS=@OLD_UNIQUE_CHECKS */;
/*!40101 SET CHARACTER_SET_CLIENT=@OLD_CHARACTER_SET_CLIENT */;
/*!40101 SET CHARACTER_SET_RESULTS=@OLD_CHARACTER_SET_RESULTS */;
/*!40101 SET COLLATION_CONNECTION=@OLD_COLLATION_CONNECTION */;
/*!40111 SET SQL_NOTES=@OLD_SQL_NOTES */;

-- Dump completed on 2021-11-09 22:19:14
